medcodeid,observations,originalreadcode,cleansedreadcode,snomedctconceptid,snomedctdescriptionid,term,height,weight,bmi,bmicat
"253866018",90000,"22Z","22Z..00","162879003","253866018","Height and weight",9,9,,
"5256391000006115",8000,"^ESCTWE525639","","248358009","370755018","Weight for height",9,9,,
"253669010",100000000,"229","229..00","248333004","370729019","Standing height",9,,,
"253676017",200000,"229Z","229Z.00","248333004","370729019","O/E - height NOS",9,,,
"11905141000006112",100000,"^ESCT1190514","","162755006","253669010","O/E - height",9,,,
"253672015",30000,"2293","2293.00","162758008","253672015","O/E -height within 10% average",9,,,
"1910921000006114",10000,"EMISNQES11","","1910921000006105","1910921000006114","Estimated height",9,,,
"3315721000006119",10000,"^ESCTBO331572","","50373000","83914018","Body height",9,,,
"1910931000006112",4000,"EMISNQRE470","","1910931000006108","1910931000006112","Reported height",9,,,
"284561000006119",2000,"2292","2292.00","162757003","253671010","O/E - height 10-20% < average",9,,,
"3315711000006110",2000,"^ESCTBO331571","","50373000","495662010","Body height measure",9,,,
"271181000006113",1000,"2291","2291.00","162756007","253670011","O/E-height > 20% below average",9,,,
"253673013",1000,"2294","2294.00","162759000","253673013","O/E-height 10-20% over average",9,,,
"272151000006114",600,"2295","2295.00","162760005","253674019","O/E -height > 20% over average",9,,,
"5256071000006119",200,"^ESCTGE525607","","248327008","370721016","General finding of height",9,,,
"5990011000006117",200,"^ESCTNO599001","","309534003","452982012","Normal height",9,,,
"923831000006115",200,"PCNQOE1","","923831000006104","923831000006115","O/E - height",9,,,
"4551671000006115",100,"^ESCTON455167","","162755006","2666494014","On examination - height",9,,,
"982601000006111",100,"EMISCHE7","","982601000006107","982601000006111","Height (Over)",9,,,
"982611000006114",100,"EMISCHE8","","982611000006105","982611000006114","Height (Under)",9,,,
"4551681000006117",20,"^ESCTOE455168","","162756007","253670011","O/E - height greater than 20% below average",9,,,
"4551701000006119",10,"^ESCTOE455170","","162757003","253671010","O/E - height 10-20% below average",9,,,
"4551761000006118",9,"^ESCTOE455176","","162760005","253674019","O/E - height greater than 20% over average",9,,,
"3667431000006112",5,"^ESCTDE366743","","71781005","501960018","Decrease in height",9,,,
"2729021000006118",2,"^ESCTME272902","","14456009","24574015","Measuring height of patient",9,,,
"6922511000006116",2,"^ESCTHE692251","","418519005","2576674011","Height below average",9,,,
"253847018",1000000,"22K4","22K4.00","162863004","253847018","Body mass index index 25-29 - overweight",,9,9,"overweight 25-29"
"4553701000006115",40000,"^ESCTBO455370","","162863004","2773979010","Body mass index 25-29 - overweight",,9,9,"overweight 25-29"
"4553721000006113",300,"^ESCTBM455372","","162863004","2164215019","BMI 25-29 - overweight",,9,9,"overweight 25-29"
"7833991000006118",80,"^ESCTOV783399","","722595002","3332833014","Overweight in adulthood with body mass index of 25 or more but less than 30",,9,9,"overweight 25-29"
"253677014",200000000,"22A","22A..00","27113001","45352010","Body weight",,9,,
"451201014",20000000,"66C-1","66C..11","307818003","451201014","Weight monitoring",,9,,
"252192019",400000,"1623","1623.00","161832001","252192019","Weight decreasing",,9,,
"406169014",400000,"1621","1621.00","271398006","406169014","Weight steady",,9,,
"252191014",300000,"1622","1622.00","161831008","252191014","Weight increasing",,9,,
"253688015",200000,"22AZ","22AZ.00","27113001","45352010","O/E - weight NOS",,9,,
"280881000006115",100000,"222A","222A.00","162690006","253576010","O/E - obese",,9,,
"11905011000006114",100000,"^ESCT1190501","","162763007","253677014","O/E - weight",,9,,
"411922013",100000,"22A4-1","22A4.11","275947003","411922013","O/E - overweight",,9,,
"253680010",90000,"22A3","22A3.00","162766004","253680010","O/E - weight within 10% ideal",,9,,
"857681000006117",90000,"EGTONWE3","","857681000006101","857681000006117","Weight reduction clinic",,9,,
"252194018",80000,"1624","1624.00","161833006","252194018","Abnormal weight gain",,9,,
"317236017",80000,"R031","R031.00","161833006","252194018","[D]Abnormal weight gain",,9,,
"402435016",80000,"22A4","22A4.00","268915006","402435016","O/E - weight 10-20% over ideal",,9,,
"317244017",70000,"R0341","R034100","36440009","60809012","Failure to gain weight",,9,,
"1780175010",70000,"22A7","22A7.00","400967004","1780175010","Baseline weight",,9,,
"7879461000006116",70000,"^ESCTWE787946","","726527001","3450321013","Weight",,9,,
"217781000000116",60000,"22A5","22A5.00","268916007","402436015","O/E - weight greater than 20% over ideal",,9,,
"2159952010",40000,"R0348","R034800","248342006","370738017","Underweight",,9,,
"253576010",30000,"22A5-1","22A5.11","162690006","253576010","O/E - obese",,9,,
"253687013",30000,"22A6","22A6.00","162769006","253687013","O/E - Underweight",,9,,
"356960015",30000,"22AA","22AA.00","238131007","356960015","Overweight",,9,,
"1750501000006114",20000,"EMISNQCH68","","1750501000006105","1750501000006114","Checking weight monitoring",,9,,
"2536041016",20000,"1621-1","1621.11","271398006","2536041016","Weight static",,9,,
"59281000006111",20000,"6878-1","6878.11","804271000000109","1798011000000116","Weight screening",,9,,
"1910901000006116",10000,"EMISNQES10","","1910901000006100","1910901000006116","Estimated weight",,9,,
"3203281000006116",10000,"^ESCTNO320328","","43664005","72805014","Normal weight",,9,,
"1910911000006118",9000,"EMISNQRE469","","1910911000006102","1910911000006118","Reported weight",,9,,
"2316211000000111",8000,"1629","1629.00","441361000124104","653951000124115","Unintentional weight gain",,9,,
"1737991000000117",7000,"1628","1628.00","449361003","2901932013","Pattern of weight gain",,9,,
"253679012",6000,"22A2","22A2.00","162765000","253679012","O/E -weight 10-20% below ideal",,9,,
"1809441000006111",6000,"EMISNQWE11","","248346009","370743012","Weight change",,9,,
"6251131000006111",4000,"^ESCTWE625113","","363805003","486929012","Weight gain (amount)",,9,,
"267011000006115",4000,"L1610","L161000","44772007","74689019","Oedema or excessive weight gain in pregnancy, unspecified",,9,,
"272551000006116",3000,"22A1","22A1.00","162764001","253678016","O/E - weight > 20% below ideal",,9,,
"567001000000116",3000,"6B4-1","6B4..11","313251000000103","567001000000116","Counterweight programme",,9,,
"6251171000006114",3000,"^ESCTUS625117","","363809009","486933017","Usual body weight",,9,,
"305936016",3000,"L161z","L161z00","44772007","74689019","Oedema or excessive weight gain in pregnancy NOS",,9,,
"910251000006110",3000,"HNGNQRF70","","910251000006106","910251000006110","[RFC] Overweight",,9,,
"909921000006118",2000,"HNGNQRF37","","909921000006102","909921000006118","[RFC] Weight problem",,9,,
"4150511000006113",1000,"^ESCTWE415051","","107647005","202291010","Weight finding",,9,,
"2010161000006112",1000,"EMISNQWE48","","2010161000006108","2010161000006112","Weight reduction drug therapy - orlistat",,9,,
"5524151000006112",1000,"^ESCTWE552415","","271398006","406170010","Weight stable",,9,,
"2642891000006110",1000,"^ESCTWE264289","","8943002","15766010","Weight gain",,9,,
"908721000006111",1000,"HNG0530","","908721000006107","908721000006111","[RFC] Overweight/ underweight",,9,,
"3087271000006119",800,"^ESCTPO308727","","36440009","1228649014","Poor weight gain",,9,,
"13638231000006115",700,"^ESCT1363823","","784399000","3768525013","Self reported body weight",,9,,
"982581000006118",500,"EMISCWE5","","982581000006102","982581000006118","Weight (Over)",,9,,
"982591000006115",400,"EMISCWE6","","982591000006104","982591000006115","Weight (Under)",,9,,
"494017018",300,"L16D","L16D.00","44772007","494017018","Excessive weight gain in pregnancy",,9,,
"4551811000006113",200,"^ESCTON455181","","162763007","2667035013","On examination - weight",,9,,
"125571000006118",200,"62O-2","62O..12","249053001","371654017","Static weight gain pregnancy",,9,,
"5892251000006115",200,"^ESCTBO589225","","301336003","442614014","Body weight problem",,9,,
"650891000006111",200,"L161-1","L161.11","44772007","494017018","Excessive weight gain in pregnancy",,9,,
"3976301000006116",200,"^ESCTHE397630","","90845004","150547014","Heavy (weight)",,9,,
"4935051000006112",100,"^ESCTEX493505","","224994002","338162014","Excessive weight gain",,9,,
"5451381000006110",100,"^ESCTWE545138","","262286000","390217015","Weight increased",,9,,
"910261000006112",100,"HNGNQRF71","","910261000006108","910261000006112","[RFC] Underweight",,9,,
"923851000006110",100,"PCNQOE3","","923851000006106","923851000006110","O/E - weight",,9,,
"734181000006116",80,"L2B","L2B..00","28701003","48057011","Low maternal weight gain",,9,,
"4551821000006117",60,"^ESCTOE455182","","162764001","253678016","O/E - weight greater than 20% below ideal",,9,,
"2934311000006118",50,"^ESCTWE293431","","27113001","598581000000118","Weight",,9,,
"3514400010",50,"^ESCT1165415","","735395000","3514400010","Current body weight",,9,,
"5256141000006114",40,"^ESCTWE525614","","248332009","370728010","Weight fluctuates",,9,,
"5451371000006112",40,"^ESCTWE545137","","262285001","390216012","Weight decreased",,9,,
"5533851000006117",30,"^ESCTWE553385","","272102008","407156019","Weights",,9,,
"6251151000006116",30,"^ESCTBO625115","","363808001","486932010","Body weight measure",,9,,
"9423891000006114",20,"^ESCTSL942389","","11717701000119108","3332472016","Slow weight gain",,9,,
"267021000006111",20,"L1612","L161200","44772007","74689019","Oedema/excess weight gain preg - delivered + postnatal compl",,9,,
"1749511000006118",10,"EMISNQPA111","","1749511000006102","1749511000006118","Pattern of weight gain",,9,,
"7075901000006114",8,"^ESCTRE707590","","427572007","2676077016","Recent weight gain",,9,,
"267001000006118",7,"L1611","L161100","44772007","74689019","Oedema or excessive weight gain in pregnancy, delivered",,9,,
"5117851000006111",4,"^ESCTPA511785","","238131007","356961016","Patient overweight",,9,,
"5256251000006115",3,"^ESCTPA525625","","248342006","370739013","Patient underweight",,9,,
"4986261000006116",2,"^ESCTGK498626","","228919004","343145016","g/kg body weight",,9,,
"5507901000006110",2,"^ESCTOE550790","","268916007","5507901000006110","O/E - weight greater than 20% over ideal",,9,,
"267031000006114",2,"L1614","L161400","44772007","74689019","Oedema/excessive weight gain in preg+postnatal complication",,9,,
"3484791000006113",2,"^ESCTWE348479","","60621009","2164080013","Weight: body mass",,9,,
"2474325012",300000,"22K8","22K8.00","412768003","2474325012","Body mass index 20-24 - normal",,,9,"normal 18.5-24.9"
"1808071000006119",1,"JHCBO5","","1808071000006103","1808071000006119","Body mass index 18.5-24.9",,,9,"normal 18.5-24.9"
"3070611000006119",1,"^ESCTNO307061","","35425004","2227901000000117","Normal BMI (body mass index)",,,9,"normal 18.5-24.9"
"253848011",2000000,"22K5","22K5.00","162864005","253848011","Body mass index 30+ - obesity",,,9,"obese 30+"
"2160062010",200000,"22K7","22K7.00","408512008","2160062010","Body mass index 40+ - severely obese",,,9,"obese 30+"
"2350241000000116",20000,"22KC","22KC.00","914721000000105","2350241000000116","Obese class I (body mass index 30.0 - 34.9)",,,9,"obese 30+"
"2350261000000115",10000,"22KD","22KD.00","914731000000107","2350261000000115","Obese class II (body mass index 35.0 - 39.9)",,,9,"obese 30+"
"1900331000006113",10000,"22KE","22KE.00","914741000000103","2350281000000112","Obese class III (body mass index equal to or greater than 40.0)",,,9,"obese 30+"
"4553741000006118",600,"^ESCTBM455374","","162864005","2164216018","BMI 30+ - obesity",,,9,"obese 30+"
"6763391000006114",20,"^ESCTBO676339","","408512008","3005953017","Body mass index 40+ - morbidly obese",,,9,"obese 30+"
"6763401000006111",1,"^ESCTBM676340","","408512008","2227961000000118","BMI (body mass index) 40+ - severely obese",,,9,"obese 30+"
"981731000006117",300,"EMISCOV1","","981731000006101","981731000006117","Overweight: adult BMI 25.0; child BMI 95th percentile; or more",,,9,"overweight 25-29"
"981741000006110",1000,"EMISCUN18","","981741000006106","981741000006110","Underweight: adult BMI 18.5; child BMI 5th percentile; or less",,,9,"underweight <18.5"
"5998281000006119",200,"^ESCTBM599828","","310252000","2164663010","BMI less than 20",,,9,"underweight <18.5"
"1808061000006114",100,"EMISNQBO29","","1808061000006105","1808061000006114","Body mass index less than 18.5",,,9,"underweight <18.5"
"7068841000006116",30,"^ESCTBO706884","","427090001","2673915012","Body mass index less than 16.5",,,9,"underweight <18.5"
"100716012",200000000,"22K","22K..00","60621009","100716012","Body mass index",,,9,
"253844013",2000000,"22K1","22K1.00","35425004","59104012","Normal body mass index",,,9,
"253845014",900000,"22K2","22K2.00","48499001","80800016","Increased body mass index",,,9,
"453856012",300000,"22K6","22K6.00","310252000","453856012","Body mass index less than 20",,,9,
"253846010",100000,"22K3","22K3.00","6497000","11777011","Decreased body mass index",,,9,
"11923361000006119",40000,"^ESCT1192336","","301331008","442609010","Finding of body mass index",,,9,
"3484801000006114",20000,"^ESCTBM348480","","60621009","2164081012","BMI - Body mass index",,,9,
"923861000006112",4000,"PCNQBO1","","923861000006108","923861000006112","Body mass index",,,9,
"2196071000000116",3000,"22KB","22KB.00","846931000000101","2196071000000116","Baseline body mass index",,,9,
"8286991000006119",30,"^ESCTBA828699","","846931000000101","2228241000000114","Baseline BMI (body mass index)",,,9,
"7504441000006114",10,"^ESCTME750444","","698094009","2987393017","Measurement of body mass index",,,9,
"5892201000006119",5,"^ESCTOB589220","","301331008","1226967010","Observation of body mass index",,,9,
"8291811000006111",2,"^ESCTMA829181","","852451000000103","2207891000000113","Maximum BMI (body mass index)",,,9,
"857321000006113",20000,"EGTONMO1","","857321000006109","857321000006113","Moderately obese",,,,"obese 30+"
"857911000006118",20000,"EGTONVE2","","857911000006102","857911000006118","Very obese",,,,"obese 30+"
"6866991000006116",4000,"^ESCTOB686699","","414915002","2535064011","Obese",,,,"obese 30+"
"1753301000006114",200,"66CP","66CP.00","755941000000103","1663351000000119","Risk to health associated with overweight and obesity, at very high risk",,,,"obese 30+"
"1753291000006113",70,"66CN","66CN.00","755921000000105","1663311000000118","Risk to health associated with overweight and obesity, at high risk",,,,"obese 30+"
"1753281000006110",300,"66CM","66CM.00","755901000000101","1663271000000118","Risk to health associated with overweight and obesity, at increased risk",,,,"overweight 25-29"
"1753271000006112",10,"66CL","66CL.00","755881000000104","1663231000000115","Risk to health associated with overweight and obesity, at no increased risk",,,,"overweight 25-29"
