medcodeid,observations,originalreadcode,cleansedreadcode,snomedctconceptid,snomedctdescriptionid,term,dementia,external_codelist,lshtm_2402,lshtm_2803,lshtm_3265,hdruk_842,dementia_cat,hdruk_963,hdruk_1004,oc_bristol_anydementia,oc_bristol_lewybodydementia,oc_bristol_otherdementias,oc_bristol_unspecifieddementia,oc_bristol_vasculardementia,oc_nhspcdr_demalz,oc_nhspcdr_dem,oc_nhspcdr_demother,oc_nhspcdr_demftemp,oc_nhspcdr_demlewy,oc_nhspcdr_demmix,oc_nhspcdr_demvasc,oc_opensafely_dementia,oc_qcovid_hasdementia
"408401000000119",1000000,"6AB","6AB..00","249181000000100","408401000000119","Dementia annual review",1,1,1,1,1,,"",,,,,,,,,,,,,,,,1
"45046017",900000,"F110","F110.00","26929004","45046017","Alzheimer's disease",1,1,1,1,1,1,"Dementia diagnosis",1,1,1,,,,,1,1,,,,,,,1
"431681000006117",700000,"Eu01","Eu01.00","429998004","2770951017","Vascular dementia",1,1,1,1,1,1,"Vascular dementia diagnosis",1,1,1,,,,1,,1,,,,,1,1,1
"359241000006119",500000,"Eu02z","Eu02z00","52448006","87274019","Dementia",1,1,1,1,1,1,"Dementia diagnosis",1,1,1,,,1,,,1,1,,,,,,1
"2439631000000113",500000,"8CMZ1","8CMZ100","956861000000107","2439631000000113","Dementia care plan reviewed",1,1,1,1,1,,"Dementia diagnosis",1,1,,,,,,,,,,,,,,
"2248021000000110",400000,"8CMZ","8CMZ.00","736371006","3517265010","Dementia care plan",1,1,1,1,1,,"",,,,,,,,,,,,,,,,
"26545010",300000,"E00-1","E00..11","15662003","26545010","Senile dementia",1,1,1,1,1,1,"Dementia diagnosis",1,1,1,,,1,,,1,1,,,,,,1
"295668011",300000,"Eu00","Eu00.00","26929004","45046017","[X]Dementia in Alzheimer's disease",1,1,1,1,1,1,"Dementia diagnosis",1,1,1,,,,,1,1,,,,,,,1
"2439591000000113",300000,"8CMZ0","8CMZ000","956841000000106","2439591000000113","Dementia care plan agreed",1,1,1,1,1,,"Dementia diagnosis",1,1,,,,,,,,,,,,,,
"2345881000000115",200000,"8CSA","8CSA.00","1095121000000102","2743011000000119","Dementia advance care plan agreed",1,1,1,1,1,,"Dementia diagnosis",1,1,,,,,,,,,,,,,,
"882171000006115",200000,"E00-97","E00..97","268612007","882171000006115","Dementia",1,1,1,1,1,,"",,,,,,,,,,,,,,,,
"148381000006115",200000,"E00-2","E00..12","52448006","87274019","Senile/presenile dementia",1,1,1,1,1,1,"Dementia diagnosis",1,1,1,,,1,,,1,1,,,,,,1
"2345931000000111",200000,"8CMG2","8CMG200","956861000000107","2439631000000113","Review of dementia advance care plan",1,1,1,1,1,,"Dementia diagnosis",1,1,,,,,,,,,,,,,,
"294635013",100000,"E000","E000.00","191449005","294635013","Uncomplicated senile dementia",1,1,1,1,1,,"Dementia diagnosis",1,1,1,,,1,,,1,1,,,,,,1
"295671015",100000,"Eu002","Eu00200","26929004","45046017","[X]Dementia in Alzheimer's dis, atypical or mixed type",1,1,1,1,1,1,"Dementia diagnosis",1,1,1,,,,,1,1,,,,,,,1
"408361000000111",100000,"9Ou1","9Ou1.00","715821000000107","1568381000000110","Dementia monitoring first letter",1,1,,,1,,"Dementia diagnosis",1,1,,,,,,,,,,,,,,
"251625013",90000,"1461","1461.00","161465002","251625013","H/O: dementia",1,1,1,1,1,,"",,,,,,,,,1,1,,,,,,
"401757012",80000,"E00","E00..00","268612007","401757012","Senile and presenile organic psychotic conditions",1,1,1,1,,,"",,,,,,,,,,,,,,,,
"376541000006112",80000,"Eu001","Eu00100","416975007","2957137018","Dementia in Alzheimer's disease with late onset",1,1,1,1,1,,"Dementia diagnosis",1,1,1,,,,,1,1,,,,,,,1
"363021000006113",60000,"Eu00z-1","Eu00z11","26929004","45046017","[X]Alzheimer's dementia unspec",1,1,1,1,1,1,"Dementia diagnosis",1,1,1,,,,,1,1,,,,,,,1
"497559016",60000,"E004","E004.00","56267009","497559016","Arteriosclerotic dementia",1,1,1,1,1,1,"Vascular dementia diagnosis",1,1,1,,,,1,,1,,,,,1,1,1
"299641000000112",60000,"Eu025","Eu02500","80098002","132893017","Diffuse Lewy body disease",1,1,1,1,1,,"Dementia diagnosis",1,1,1,1,,,,,1,,,1,,,1,1
"295688010",50000,"Eu023","Eu02300","425390006","2921040013","Dementia in Parkinsons disease",1,1,1,1,1,,"Dementia diagnosis",1,1,1,,1,,,,1,,,1,,,,1
"612761000006118",50000,"3A-2","3A...12","473203000","2242431000000117","Dementia assessment",1,,,,,,"",,,,,,,,,,,,,,,,
"999961000006114",50000,"9hD0","9hD0.00","716341000000104","1568891000000117","Excepted from dementia quality indicators - patient unsuitable",1,1,,,1,,"",,,,,,,,,,,,,,,,
"359141000006111",40000,"Eu02z-4","Eu02z14","15662003","26545010","[X] Senile dementia NOS",1,1,1,1,1,1,"Dementia diagnosis",1,1,1,,,1,,,1,1,,,,,,1
"415873013",40000,"F11z-1","F11z.11","278849000","415873013","Cerebral atrophy",1,1,1,1,,,"",,,,,,,,,,,,,,,,
"399393010",40000,"F11z","F11z.00","418143002","2577820013","Cerebral degeneration",1,1,1,1,,,"",,,,,,,,,,,,,,,,
"696161000006115",40000,"E004-1","E004.11","56267009","93568017","Multi-infarct dementia",1,1,1,1,1,1,"Vascular dementia diagnosis",1,1,1,,,,1,,1,,,,,1,1,1
"2403101000000116",40000,"8BM02","8BM0200","938551000000108","2403101000000116","Dementia medication review",1,1,1,1,1,,"Dementia diagnosis",1,1,,,,,,,,,,,,,,
"407461000000119",30000,"66h","66h..00","248711000000102","407461000000119","Dementia monitoring",1,1,,,1,,"",,,,,,,,,,,,,,,,
"425901000006116",30000,"Eu001-2","Eu00112","416975007","2957124016","[X]Senile dementia,Alzheimer's type",1,1,1,1,1,,"Dementia diagnosis",1,1,1,,,,,1,1,,,,,,,1
"2366391000000114",30000,"8CET","8CET.00","715284000","3302089015","Dementia leaflet given",1,1,1,1,,,"",,,,,,,,,,,,,,,,
"408421000000111",30000,"9Ou2","9Ou2.00","717471000000101","1570011000000111","Dementia monitoring second letter",1,1,,,1,,"Dementia diagnosis",1,1,,,,,,,,,,,,,,
"2127581000000115",30000,"1JA2","1JA2.00","816461000000109","2127581000000115","Suspected dementia",1,1,,,1,,"",,,,,,,,,,,,,,,,
"2445471000000112",30000,"8CMe0","8CMe000","959361000000105","2445471000000112","Dementia advance care plan",1,1,1,1,1,,"",,,,,,,,,,,,,,,,
"2743011000000119",20000,"^ESCT1172377","","1095121000000102","2743011000000119","Dementia advance care plan agreed",1,1,1,1,1,,"Dementia diagnosis",1,1,,,,,,,,,,,,,,
"21256010",20000,"E001","E001.00","12348006","21256010","Presenile dementia",1,1,1,1,1,,"Dementia diagnosis",1,1,1,,,1,,,1,1,,,,,,1
"295672010",20000,"Eu00z","Eu00z00","26929004","45046017","[X]Dementia in Alzheimer's disease, unspecified",1,1,1,1,1,1,"Dementia diagnosis",1,1,1,,,,,1,1,,,,,,,1
"499946014",20000,"F1100","F110000","416780008","2957141019","Alzheimer's disease with early onset",1,1,1,1,1,,"Dementia diagnosis",1,1,1,,,,,1,1,,,,,,,1
"500317011",20000,"F1101","F110100","416975007","2957124016","Alzheimer's disease with late onset",1,1,1,1,1,,"Dementia diagnosis",1,1,1,,,,,1,1,,,,,,,1
"295681016",20000,"Eu01z","Eu01z00","429998004","2770951017","[X]Vascular dementia, unspecified",1,1,1,1,1,1,"Vascular dementia diagnosis",1,1,1,,,,1,,1,,,,,1,1,1
"8024201000006111",20000,"^ESCTMI802420","","79341000119107","2955467016","Mixed dementia",1,1,,,1,1,"Dementia diagnosis",1,1,1,,,,,,1,,,,1,,,1
"1785381000000118",20000,"8Hla","8Hla.00","798381000000109","1785381000000118","Referral to dementia care advisor",1,,,,,,"",,,,,,,,,,,,,,,,
"745381000006119",20000,"F116","F116.00","80098002","132893017","Lewy body disease",1,1,1,1,1,,"Dementia diagnosis",1,1,1,1,,,,,1,,,1,,,1,1
"2221421000000114",20000,"8T05","8T05.00","858501000000103","2221421000000114","Referral to dementia service",1,1,,,1,,"",,,,,,,,,,,,,,,,
"915111000006112",20000,"EMISNQDE1","","915111000006108","915111000006112","Dementia review",1,1,1,1,1,,"",,,,,,,,,,,,,,,,
"398571000006112",10000,"Eu013","Eu01300","230287006","345112018","Mixed cortical and subcortical vascular dementia",1,1,1,1,1,,"Dementia diagnosis",1,1,1,,,,1,,1,,,,,1,1,1
"376531000006119",10000,"Eu000","Eu00000","416780008","2957119019","Dementia in Alzheimer's disease with early onset",1,1,1,1,1,,"Dementia diagnosis",1,1,1,,,,,1,1,,,,,,,1
"399031000006111",10000,"Eu011","Eu01100","56267009","93568017","[X]Multi-infarct dementia",1,1,1,1,1,1,"Vascular dementia diagnosis",1,1,1,,,,1,,1,,,,,1,1,1
"406841000000115",10000,"9Ou","9Ou..00","713821000000106","1565061000000113","Dementia monitoring administration",1,1,,,1,,"",,,,,,,,,,,,,,,,
"294321000000111",10000,"9hD1","9hD1.00","716131000000105","1568691000000118","Excepted from dementia quality indicators - informed dissent",1,,,,,,"",,,,,,,,,,,,,,,,
"408501000000115",10000,"9Ou5","9Ou5.00","716991000000108","1569541000000119","Dementia monitoring telephone invitation",1,1,,,1,,"Dementia diagnosis",1,1,,,,,,,,,,,,,,
"914941000006112",10000,"EMISNQDD2","","914941000006108","914941000006112","[D] Dementia",1,1,1,1,1,,"",,,,,,,,,,,,,,,,
"914951000006114",10000,"EMISNQDD3","","914951000006105","914951000006114","[D] Dementia in Alzheimer's disease",1,1,1,1,1,,"",,,,,,,,,,,,,,,,
"2404531000000115",10000,"8T052","8T05200","939231000000107","2404531000000115","Referral for dementia assessment",1,,,,,,"",,,,,,,,,,,,,,,,
"2345801000000113",10000,"8IAe0","8IAe000","956881000000103","2439671000000110","Dementia advance care plan declined",1,1,1,1,1,,"Dementia diagnosis",1,1,,,,,,,,,,,,,,
"295684012",9000,"Eu02","Eu02.00","191519005","2547722017","Dementia associated with another disease",1,1,1,1,1,,"Dementia diagnosis",1,1,1,,,1,,,1,1,,,,,,1
"3414251000006112",9000,"^ESCTVA341425","","56267009","497560014","VAD - Vascular dementia",1,1,1,1,1,1,"Vascular dementia diagnosis",1,1,1,,,,1,,1,,,,,1,1,1
"8214731000006110",9000,"^ESCTDE821473","","711441000000100","1555901000000116","Dementia monitoring invitation",1,1,,,1,,"Dementia diagnosis",1,1,,,,,,,,,,,,,,
"12626321000006119",8000,"^ESCT1262632","","1110901000000109","2779781000000113","QOF (Quality and Outcomes Framework) dementia quality indicator-related care invitation",1,1,,,,,"Dementia diagnosis",1,1,,,,,,,,,,,,,,
"294718018",8000,"E041","E041.00","191519005","294718018","Dementia in conditions EC",1,1,1,1,1,,"Dementia diagnosis",1,1,1,,,1,,,1,1,,,,,,1
"6024061000006111",8000,"^ESCTSE602406","","312991009","456813014","Senile dementia of the Lewy body type",1,1,,,1,1,"Dementia diagnosis",1,1,1,1,,,,,1,,,1,,,1,1
"408461000000115",8000,"9Ou3","9Ou3.00","716671000000102","1569221000000112","Dementia monitoring third letter",1,1,,,1,,"Dementia diagnosis",1,1,,,,,,,,,,,,,,
"2742991000000115",7000,"^ESCT1172376","","1095111000000108","2742991000000115","Review of dementia advance care plan",1,1,,,,,"Dementia diagnosis",1,1,,,,,,,,,,,,,,
"428201000006119",7000,"Eu012","Eu01200","230286002","345111013","Subcortical vascular dementia",1,1,1,1,1,,"Vascular dementia diagnosis",1,1,1,,,,1,,1,,,,,1,1,1
"296958010",7000,"F10","F10..00","2584003","5405012","Cerebral degeneration in childhood",1,1,1,1,,,"",,,,,,,,,,,,,,,,
"346929012",7000,"E012-1","E012.11","281004","1225776018","Alcoholic dementia",1,1,1,1,1,1,"Dementia diagnosis",1,1,1,,1,,,,1,1,,,,,,1
"363791000006112",7000,"Eu01-1","Eu01.11","56267009","497559016","[X]Arteriosclerotic dementia",1,1,1,1,1,1,"Vascular dementia diagnosis",1,1,1,,,,1,,1,,,,,1,1,1
"1972341000006111",6000,"EMISICD10|F0024","","1972341000006107","1972341000006111","Dementia in Alzheimer's dis, atypical or mixed type, other mixed symptoms",1,1,1,1,1,,"",,,,,,,,,,,,,,,,
"294660013",6000,"E00z","E00z.00","268612007","401757012","Senile or presenile psychoses NOS",1,1,1,1,,,"",,,,,,,,,,,,,,,,
"76484016",6000,"F112","F112.00","45864009","76484016","Senile degeneration of brain",1,1,1,1,,,"Dementia diagnosis",1,1,,,,,,,,,,,,,,1
"294646011",5000,"E0021","E002100","191459006","294646011","Senile dementia with depression",1,1,1,1,1,,"Dementia diagnosis",1,1,1,,,1,,,1,1,,,,,,1
"295685013",5000,"Eu020","Eu02000","21921000119103","2968126015","Dementia due to Pick's disease",1,1,1,1,1,,"Dementia diagnosis",1,1,1,,1,,,,1,,1,,,,,1
"345092016",5000,"F118","F118.00","230273006","345092016","Frontotemporal degeneration",1,1,1,1,,,"Dementia diagnosis",1,1,,,,,,,,,,,,,,1
"408481000000112",5000,"9Ou4","9Ou4.00","716221000000104","1568781000000111","Dementia monitoring verbal invitation",1,1,,,1,,"Dementia diagnosis",1,1,,,,,,,,,,,,,,
"2439671000000110",5000,"8CMZ2","8CMZ200","956881000000103","2439671000000110","Dementia care plan declined",1,1,1,1,1,,"Dementia diagnosis",1,1,,,,,,,,,,,,,,
"1856601000006111",4000,"EMISNQDE41","","1856601000006107","1856601000006111","Dementia monitoring in primary care",1,1,,,1,,"",,,,,,,,,,,,,,,,
"882201000006116",4000,"E000-99","E000.99","191449005","882201000006116","Senile dementia - simple type",1,1,1,1,1,,"Dementia diagnosis",1,1,1,,,1,,,1,1,,,,,,1
"294644014",4000,"E002","E002.00","191457008","294644014","Senile dementia with depressive or paranoid features",1,1,1,1,1,,"Dementia diagnosis",1,1,1,,,1,,,1,1,,,,,,1
"294645010",4000,"E0020","E002000","191458003","294645010","Senile dementia with paranoia",1,1,1,1,1,,"Dementia diagnosis",1,1,1,,,1,,,1,1,,,,,,1
"1972081000006115",4000,"EMISICD10|F03X4","","1972081000006104","1972081000006115","Unspecified dementia, other mixed symptoms",1,1,1,1,1,,"",,,,,,,,,,,,,,,,
"1972471000006111",4000,"EMISICD10|F0094","","1972471000006107","1972471000006111","Dementia in Alzheimer's disease, unspecified, other mixed symptoms",1,1,1,1,1,,"",,,,,,,,,,,,,,,,
"2620431000000115",4000,"8BM50","","719787003","3317833010","Shared care prescribing of drug for dementia",1,1,1,1,1,,"",,,,,,,,,,,,,,,,
"2445691000000113",4000,"8IAe2","8IAe200","959461000000102","2445691000000113","Dementia advance care plan review declined",1,1,1,1,1,,"Dementia diagnosis",1,1,,,,,,,,,,,,,,
"22408016",3000,"F111","F111.00","13092008","22408016","Pick's disease",1,1,1,1,1,,"Dementia diagnosis",1,1,,,,,,,1,,1,,,,,1
"294648012",3000,"E003","E003.00","191461002","294648012","Senile dementia with delirium",1,1,1,1,1,,"Dementia diagnosis",1,1,1,,,1,,,1,1,,,,,,1
"297011014",3000,"F11x0-1","F11x011","192811002","297011014","Alcoholic encephalopathy",1,1,1,1,,,"",,,,,,,,,,,,,,,,
"362941000006113",3000,"Eu107-1","Eu10711","281004","1225776018","[X]Alcoholic dementia NOS",1,1,1,1,1,1,"Dementia diagnosis",1,1,1,,1,,,,1,1,,,,,,1
"297000018",3000,"F11","F11..00","52522001","87406016","Degenerative brain disorder",1,1,1,1,,,"",,,,,,,,,,,,,,,,
"3802651000006111",3000,"^ESCTDE380265","","80098002","1234437016","Dementia of the Lewy body type",1,1,1,1,1,,"Dementia diagnosis",1,1,1,1,,,,,1,,,1,,,1,1
"2373201000000112",3000,"8T050","8T05000","925461000000104","2373201000000112","Referral to dementia support organisation",1,,,,,,"",,,,,,,,,,,,,,,,
"2439711000000111",3000,"8CMZ3","8CMZ300","956901000000100","2439711000000111","Dementia care plan review declined",1,1,1,1,1,,"Dementia diagnosis",1,1,,,,,,,,,,,,,,
"2714871000000112",2000,"ESCTSI53","","1083391000000101","2714871000000112","Signposting to dementia support service",1,,,,,,"",,,,,,,,,,,,,,,,
"12115661000006119",2000,"^ESCT1211566","","1097221000000104","2747701000000110","Provision of information about Join Dementia Research",1,,,,,,"",,,,,,,,,,,,,,,,
"5005601000006112",2000,"^ESCTFR500560","","230270009","345088011","Frontotemporal dementia",1,1,,,,,"Dementia diagnosis",1,1,1,,1,,,,1,,1,,,,,1
"2931251000006113",2000,"^ESCTAL293125","","26929004","3424952012","Alzheimer dementia",1,1,1,1,1,1,"Dementia diagnosis",1,1,1,,,,,1,1,,,,,,,1
"401760017",2000,"E012","E012.00","281004","1225776018","Other alcoholic dementia",1,1,1,1,1,1,"Dementia diagnosis",1,1,1,,1,,,,1,1,,,,,,1
"2502971000006115",2000,"^ESCTDE250297","","281004","1557018","Dementia associated with alcoholism",1,1,1,1,1,1,"Dementia diagnosis",1,1,1,,1,,,,1,1,,,,,,1
"6900181000006114",2000,"^ESCTPR690018","","416975007","2549518019","Primary degenerative dementia of the Alzheimer type, senile onset",1,1,1,1,1,,"Dementia diagnosis",1,1,1,,,,,1,1,,,,,,,1
"295680015",2000,"Eu01y","Eu01y00","429998004","2770951017","[X]Other vascular dementia",1,1,1,1,1,1,"Vascular dementia diagnosis",1,1,1,,,,1,,1,,,,,1,1,1
"295687017",2000,"Eu022","Eu02200","442344002","2820374011","Dementia due to Huntington chorea",1,1,1,1,1,,"Dementia diagnosis",1,1,1,,1,,,,1,1,,,,,,1
"7484361000006111",2000,"^ESCTAS748436","","473203000","2956268018","Assessment of dementia",1,,,,,,"",,,,,,,,,,,,,,,,
"294656010",2000,"E004z","E004z00","56267009","497559016","Arteriosclerotic dementia NOS",1,1,1,1,1,1,"Vascular dementia diagnosis",1,1,1,,,,1,,1,,,,,1,1,1
"2284371000000110",2000,"38C13","38C1300","700464008","2990653012","Assessment of psychotic and behavioural symptoms of dementia",1,1,,,1,,"",,,,,,,,,,,,,,,,
"294111000000119",2000,"9hD","9hD..00","715881000000108","1568441000000113","Exception reporting - dementia quality indicators",1,,,,,,"",,,,,,,,,,,,,,,,
"914921000006117",2000,"EMISNQDV1","","914921000006101","914921000006117","[D] Vascular dementia",1,1,1,1,1,,"",,,,,,,,,,,,,,,,
"939491000006118",2000,"HNGNQRF130","","939491000006102","939491000006118","[RFC] Dementia",1,1,1,1,1,,"",,,,,,,,,,,,,,,,
"2405911000000115",2000,"8T0Y","8T0Y.00","939901000000108","2405911000000115","Referral to Alzheimer's Society",1,,,,,,"",,,,,,,,,,,,,,,,
"2715131000000119",1000,"ESCTSI35","","1083501000000104","2715131000000119","Signposting to Alzheimer's Society",1,,,,,,"",,,,,,,,,,,,,,,,
"294643015",1000,"E001z","E001z00","12348006","21256010","Presenile dementia NOS",1,1,1,1,1,,"Dementia diagnosis",1,1,1,,,1,,,1,1,,,,,,1
"294652012",1000,"E0040","E004000","191463004","294652012","Uncomplicated arteriosclerotic dementia",1,1,1,1,1,,"Vascular dementia diagnosis",1,1,1,,,,1,,1,,,,,1,1,1
"294668018",1000,"E0120","E012000","191475009","294668018","Chronic alcoholic brain syndrome",1,1,1,1,,,"",,,,,,,,,,,,,,,,
"295690011",1000,"Eu02y","Eu02y00","191519005","2547722017","[X]Dementia in other specified diseases classif elsewhere",1,1,1,1,1,,"Dementia diagnosis",1,1,1,,,1,,,1,1,,,,,,1
"1949631000006115",1000,"EMISNQDE68","","1949631000006104","1949631000006115","Dementia stage at diagnosis - early (mild)",1,1,1,1,1,,"",,,,,,,,,,,,,,,,
"1972021000006119",1000,"EMISICD10|F03X0","","1972021000006103","1972021000006119","Unspecified dementia, without additional symptoms",1,1,1,1,1,,"",,,,,,,,,,,,,,,,
"1972231000006114",1000,"EMISICD10|F0020","","1972231000006105","1972231000006114","Dementia in Alzheimer's dis, atypical or mixed type, without additional symptoms",1,1,1,1,1,,"",,,,,,,,,,,,,,,,
"431691000006119",1000,"Eu010","Eu01000","230285003","345110014","Vascular dementia of acute onset",1,1,1,1,1,,"Vascular dementia diagnosis",1,1,1,,,,1,,1,,,,,1,1,1
"401759010",1000,"E00y","E00y.00","268612007","401757012","Other senile and presenile organic psychoses",1,1,1,1,,,"",,,,,,,,,,,,,,,,
"359161000006110",1000,"Eu02z-5","Eu02z15","268612007","401757012","[X] Senile psychosis NOS",1,1,1,1,,,"",,,,,,,,,,,,,,,,
"915121000006116",1000,"EMISNQDE2","","915121000006100","915121000006116","Dementia review with third party",1,1,1,1,1,,"",,,,,,,,,,,,,,,,
"294642013",900,"E0013","E001300","191455000","294642013","Presenile dementia with depression",1,1,1,1,1,,"Dementia diagnosis",1,1,1,,,1,,,1,1,,,,,,1
"359151000006113",900,"Eu02z-6","Eu02z16","191457008","294644014","[X] Senile dementia, depressed or paranoid type",1,1,1,1,1,,"Dementia diagnosis",1,1,1,,,1,,,1,1,,,,,,1
"542611000006114",900,"F11x0","F11x000","192811002","297011014","Cerebral degeneration due to alcoholism",1,1,1,1,,,"",,,,,,,,,,,,,,,,
"1949641000006113",900,"EMISNQDE69","","1949641000006109","1949641000006113","Dementia stage at diagnosis - mid (moderate)",1,1,1,1,1,,"",,,,,,,,,,,,,,,,
"1969661000006116",900,"EMISNQDE127","","1969661000006100","1969661000006116","Dementia case finding question: negative response from patient",1,,,,,,"",,,,,,,,,,,,,,,,
"8042791000006116",800,"^ESCTLE804279","","135811000119107","2983848019","Lewy body dementia with behavioural disturbance",1,1,,,,,"Dementia diagnosis",1,1,1,1,,,,,1,,,1,,,1,
"1976831000006111",800,"EMISICD10|F0194","","1976831000006107","1976831000006111","Vascular dementia, unspecified, other mixed symptoms",1,1,1,1,1,,"",,,,,,,,,,,,,,,,
"882191000006119",800,"E00-99","E00..99","268612007","882191000006119","Senile and presenile dementias",1,1,1,1,1,,"",,,,,,,,,,,,,,,,
"97154016",800,"C3272","C327200","58459009","97154016","Niemann-Pick disease",1,1,1,1,,,"",,,,,,,,,,,,,,,,
"1856611000006114",700,"EMISNQDE42","","1856611000006105","1856611000006114","Dementia monitoring in secondary care",1,1,,,1,,"",,,,,,,,,,,,,,,,
"914801000006116",700,"EMISNQEX1","","914801000006100","914801000006116","Local Alzheimer's society involved",1,,,,,,"",,,,,,,,,,,,,,,,
"359081000006118",600,"Eu02z-1","Eu02z11","12348006","21256010","[X] Presenile dementia NOS",1,1,1,1,1,,"Dementia diagnosis",1,1,1,,,1,,,1,1,,,,,,1
"297013012",600,"F11x2","F11x200","192813004","297013012","Cerebral degeneration due to cerebrovascular disease",1,1,1,1,,,"",,,,,,,,,,,,,,,,
"542651000006110",600,"F11x7","F11x700","192818008","297019011","Cerebral degeneration due to Jakob - Creutzfeldt disease",1,1,1,1,,,"",,,1,,1,,,,1,1,,,,,,
"2290431000000110",600,"8BPa","8BPa.00","700214004","2989656010","Antipsychotic drug therapy for dementia",1,1,1,1,1,,"",,,1,,,1,,,,,,,,,,
"149347010",600,"F21y2","F21y200","90099008","149347010","Binswanger's disease",1,1,1,1,,,"",,,1,,,,1,,1,,,,,1,1,1
"905791000006115",600,"HNG0062","","905791000006104","905791000006115","[RFC] Alzheimer's disease",1,1,1,1,1,,"",,,,,,,,,,,,,,,,
"914931000006119",600,"EMISNQDD1","","914931000006103","914931000006119","[D] Dementia with Lewy bodies",1,1,1,1,1,,"",,,,,,,,,,,,,,,,
"8452411000006111",500,"^ESCTAS845241","","1077351000000108","2701531000000113","Assessment using DiADeM (Diagnosing Advanced Dementia Mandate) Tool",1,,,,,,"",,,,,,,,,,,,,,,,
"294637017",500,"E0010","E001000","191451009","294637017","Uncomplicated presenile dementia",1,1,1,1,1,,"Dementia diagnosis",1,1,1,,,1,,,1,1,,,,,,1
"294641018",500,"E0012","E001200","191454001","294641018","Presenile dementia with paranoia",1,1,1,1,1,,"Dementia diagnosis",1,1,1,,,1,,,1,1,,,,,,1
"1949651000006110",500,"EMISNQDE70","","1949651000006106","1949651000006110","Dementia stage at diagnosis - late (severe)",1,1,1,1,1,,"",,,,,,,,,,,,,,,,
"299325013",500,"Fyu30","Fyu3000","26929004","45046017","[X]Other Alzheimer's disease",1,1,1,1,1,1,"Dementia diagnosis",1,1,1,,,,,1,1,,,,,,,1
"423351000006115",500,"Eu000-1","Eu00011","416780008","2957138011","[X]Presenile dementia,Alzheimer's type",1,1,1,1,1,,"Dementia diagnosis",1,1,1,,,,,1,1,,,,,,,1
"35741000006114",500,"F11y","F11y.00","52522001","87406016","Other cerebral degeneration",1,1,1,1,,,"",,,,,,,,,,,,,,,,
"2373161000000116",500,"8T051","8T05100","925441000000100","2373161000000116","Referral to dementia support organisation declined",1,,,,,,"",,,,,,,,,,,,,,,,
"8452431000006117",400,"^ESCTDI845243","","1077361000000106","2701551000000118","DiADeM (Diagnosing Advanced Dementia Mandate) Tool score",1,,,,,,"",,,,,,,,,,,,,,,,
"14479161000006110",400,"^ESCT1447916","","1148161000000104","1996991000000118","Review of dementia care plan",1,,,,,,"",,,,,,,,,,,,,,,,
"7969371000006115",400,"^ESCTDE796937","","1591000119103","2967700019","Dementia with behavioural disturbance",1,1,,,,,"",,,1,,,1,,,1,1,,,,,,
"294647019",400,"E002z","E002z00","191457008","294644014","Senile dementia with depressive or paranoid features NOS",1,1,1,1,1,,"Dementia diagnosis",1,1,1,,,1,,,1,1,,,,,,1
"882211000006118",400,"E003-99","E003.99","191461002","882211000006118","Senile dementia-acute confused",1,1,1,1,1,,"Dementia diagnosis",1,1,1,,,1,,,1,1,,,,,,1
"294654013",400,"E0042","E004200","191465006","294654013","Arteriosclerotic dementia with paranoia",1,1,1,1,1,,"Vascular dementia diagnosis",1,1,1,,,,1,,1,,,,,1,1,1
"294655014",400,"E0043","E004300","191466007","294655014","Arteriosclerotic dementia with depression",1,1,1,1,1,,"Vascular dementia diagnosis",1,1,1,,,,1,,1,,,,,1,1,1
"370961000006119",400,"Eu107-2","Eu10712","191475009","294668018","[X]Chronic alcoholic brain syndrome",1,1,1,1,,,"",,,,,,,,,,,,,,,,
"1933001000006115",400,"EMISNQRE491","","1933001000006104","1933001000006115","Referral to dementia early intervention service",1,1,,,1,,"",,,,,,,,,,,,,,,,
"1950501000006117",400,"EMISNQDE88","","1950501000006101","1950501000006117","Dementia PDS (Scot) - planning for future care status",1,1,1,1,1,,"",,,,,,,,,,,,,,,,
"1972211000006115",400,"EMISICD10|F0014","","1972211000006104","1972211000006115","Dementia in Alzheimer's disease with late onset, other mixed symptoms",1,1,1,1,1,,"",,,,,,,,,,,,,,,,
"1973401000006112",400,"EMISICD10|F0184","","1973401000006108","1973401000006112","Other vascular dementia, other mixed symptoms",1,1,1,1,1,,"",,,,,,,,,,,,,,,,
"359101000006114",400,"Eu02z-3","Eu02z13","279982005","417465012","Cerebral degeneration presenting primarily with dementia",1,1,1,1,1,,"Dementia diagnosis",1,1,1,,,1,,,1,1,,,,,,1
"6897211000006117",400,"^ESCTPR689721","","416780008","2549310013","Primary degenerative dementia of the Alzheimer type, presenile onset",1,1,1,1,,,"Dementia diagnosis",1,1,1,,,,,1,1,,,,,,,1
"7043651000006119",400,"^ESCTDE704365","","425390006","2645368017","Dementia associated with Parkinson's Disease",1,1,1,1,,,"Dementia diagnosis",1,1,1,,1,,,,1,,,1,,,,1
"423221000006117",400,"Eu011-1","Eu01111","56267009","93568017","[X]Predominantly cortical dementia",1,1,1,1,1,1,"Vascular dementia diagnosis",1,1,1,,,,1,,1,,,,,1,1,1
"882951000006110",400,"F11z-99","F11z.99","668731000000103","882951000006110","Cerebral degenerations NOS",1,1,1,1,,,"",,,,,,,,,,,,,,,,
"2366181000000114",400,"A4110-1","A411011","713060000","3287830019","Sporadic CJD (Creutzfeldt-Jakob disease)",1,1,1,1,,,"Dementia diagnosis",1,1,1,,1,,,,1,1,,,,,,
"2386018",400,"A411","A411.00","792004","2386018","Jakob-Creutzfeldt disease",1,1,1,1,,,"Dementia diagnosis",1,1,1,,1,,,,1,1,,,,,,
"8031751000006119",300,"^ESCTDE803175","","101421000119107","2968235019","Dementia due to Parkinson's disease",1,1,,,,,"Dementia diagnosis",1,1,1,,1,,,,1,,,1,,,,1
"8452401000006113",300,"^ESCTDI845240","","1077341000000105","2701511000000117","DiADeM (Diagnosing Advanced Dementia Mandate) Tool",1,,,,,,"",,,,,,,,,,,,,,,,
"1823871000006112",300,"EMISNQDE35","","1823871000006108","1823871000006112","Dementia confirmed",1,1,1,1,1,,"",,,,,,,,,,,,,,,,
"2931241000006111",300,"^ESCTAL293124","","26929004","2839267017","Alzheimer disease",1,1,1,1,1,1,"Dementia diagnosis",1,1,1,,,,,1,1,,,,,,,1
"5618261000006114",300,"^ESCTDE561826","","278857002","415883012","Dementia of frontal lobe type",1,1,,,1,1,"Dementia diagnosis",1,1,1,,1,,,,1,,1,,,,,1
"6897271000006114",300,"^ESCTDE689727","","416780008","2957156011","Dementia in Alzheimer's disease - type 2",1,1,1,1,1,,"Dementia diagnosis",1,1,1,,,,,1,1,,,,,,,1
"297025010",300,"F11yz","F11yz00","418143002","2577820013","Other cerebral degeneration NOS",1,1,1,1,,,"",,,,,,,,,,,,,,,,
"376571000006116",300,"Eu024","Eu02400","421529006","2622767013","[X]Dementia in human immunodef virus [HIV] disease",1,1,1,1,1,,"",,,1,,1,,,,1,1,,,,,,1
"2510951000006114",300,"^ESCTCR251095","","792004","2387010","Creutzfeldt-Jakob disease",1,1,1,1,,,"Dementia diagnosis",1,1,1,,1,,,,1,1,,,,,,
"12370651000006112",300,"^ESCT1237065","","79341000119107","3670851018","MVAD - Mixed vascular Alzheimer dementia",1,1,,,1,1,"Dementia diagnosis",1,1,1,,,,,,1,,,,1,,,1
"7969281000006110",200,"^ESCTDE796928","","1581000119101","2967544019","Dementia of the Alzheimer type with behavioural disturbance",1,1,,,,,"",,,1,,,,,1,1,,,,,,,
"251194016",200,"13Y7","13Y7.00","161108005","251194016","Alzheimer's disease society member",1,,,,,,"",,,,,,,,,,,,,,,,
"1856631000006115",200,"EMISNQDI117","","1856631000006104","1856631000006115","Did not attend dementia monitoring",1,1,,,1,,"",,,,,,,,,,,,,,,,
"542661000006112",200,"F11x8","F11x800","192819000","297021018","Cerebral degeneration due to progressive multifocal leucoencephalopathy",1,1,1,1,,,"",,,,,,,,,,,,,,,,
"1972141000006113",200,"EMISICD10|F0004","","1972141000006109","1972141000006113","Dementia in Alzheimer's disease with early onset, other mixed symptoms",1,1,1,1,1,,"",,,,,,,,,,,,,,,,
"1972371000006115",200,"EMISICD10|F0090","","1972371000006104","1972371000006115","Dementia in Alzheimer's disease, unspecified, without additional symptoms",1,1,1,1,1,,"",,,,,,,,,,,,,,,,
"5549001000006110",200,"^ESCTCL554900","","273367002","408732011","Clinical dementia rating scale",1,,,,,,"",,,,,,,,,,,,,,,,
"636681000000117",200,"F11x9","F11x900","341551000000108","636681000000117","Cerebral degeneration in Parkinson's disease",1,1,1,1,,,"",,,,,,,,,,,,,,,,
"6897251000006116",200,"^ESCTPR689725","","416780008","2957138011","Presenile dementia, Alzheimer's type",1,1,1,1,1,,"Dementia diagnosis",1,1,1,,,,,1,1,,,,,,,1
"363031000006111",200,"Eu001-1","Eu00111","416975007","2957137018","[X]Alzheimer's disease type 1",1,1,1,1,1,,"Dementia diagnosis",1,1,1,,,,,1,1,,,,,,,1
"423381000006111",200,"Eu001-3","Eu00113","416975007","2957137018","[X]Primary degen dementia of Alzheimer's type, senile onset",1,1,1,1,1,,"Dementia diagnosis",1,1,1,,,,,1,1,,,,,,,1
"295686014",200,"Eu021","Eu02100","429458009","2695885013","Dementia due to Creutzfeldt Jakob disease",1,1,1,1,1,,"Dementia diagnosis",1,1,1,,1,,,,1,1,,,,,1,1
"882941000006113",200,"F112-99","F112.99","45864009","882941000006113","Senile brain degeneration",1,1,1,1,,,"Dementia diagnosis",1,1,,,,,,,,,,,,,,1
"2366171000000112",200,"A4110","A411000","713060000","3287830019","Sporadic Creutzfeldt-Jakob disease",1,1,1,1,,,"Dementia diagnosis",1,1,1,,1,,,,1,1,,,,,,
"399481000000113",100,"4L49","4L49.00","1018591000000102","2583551000000117","Prion protein markers for Creutzfeldt-Jakob disease",1,1,1,1,,,"",,,,,,,,,,,,,,,,
"1576281000006119",100,"EGTON2EGTONAL1","","1576281000006103","1576281000006119","Cause of Death- Alzheimer'S Disease",1,1,,,1,,"",,,,,,,,,,,,,,,,
"294638010",100,"E0011","E001100","191452002","294638010","Presenile dementia with delirium",1,1,1,1,1,,"Dementia diagnosis",1,1,1,,,1,,,1,1,,,,,,1
"294653019",100,"E0041","E004100","191464005","294653019","Arteriosclerotic dementia with delirium",1,1,1,1,1,,"Vascular dementia diagnosis",1,1,1,,,,1,,1,,,,,1,1,1
"297022013",100,"F11xz","F11xz00","192794001","296993015","Cerebral degeneration other disease NOS",1,1,1,1,,,"",,,,,,,,,,,,,,,,
"1969651000006118",100,"EMISNQDE126","","1969651000006102","1969651000006118","Dementia case finding question: positive response from patient",1,,,,,,"",,,,,,,,,,,,,,,,
"1972171000006117",100,"EMISICD10|F0010","","1972171000006101","1972171000006117","Dementia in Alzheimer's disease with late onset, without additional symptoms",1,1,1,1,1,,"",,,,,,,,,,,,,,,,
"1972291000006113",100,"EMISICD10|F0022","","1972291000006109","1972291000006113","Dementia in Alzheimer's dis, atypical or mixed type, other symptoms, predominantly hallucinatory",1,1,1,1,1,,"",,,,,,,,,,,,,,,,
"1973461000006113",100,"EMISICD10|F0190","","1973461000006109","1973461000006113","Vascular dementia, unspecified, without additional symptoms",1,1,1,1,1,,"",,,,,,,,,,,,,,,,
"5005711000006119",100,"^ESCTPR500571","","230280008","345099013","Progressive aphasia in Alzheimer's disease",1,1,,,,,"Dementia diagnosis",1,1,1,,,,,1,1,,,,,,,1
"5005871000006119",100,"^ESCTSE500587","","230288001","345113011","Semantic dementia",1,1,,,,,"Dementia diagnosis",1,1,1,,1,,,,1,,1,,,,,1
"882181000006117",100,"E00-98","E00..98","268612007","882181000006117","Other senile/presenile dement.",1,1,1,1,,,"",,,,,,,,,,,,,,,,
"6900201000006110",100,"^ESCTDE690020","","416975007","2957123010","Dementia of the Alzheimers type, late onset",1,1,1,1,1,,"Dementia diagnosis",1,1,1,,,,,1,1,,,,,,,1
"6900221000006117",100,"^ESCTSD690022","","416975007","2957134013","SDAT - Senile dementia, Alzheimer's type",1,1,1,1,1,,"Dementia diagnosis",1,1,1,,,,,1,1,,,,,,,1
"6900241000006112",100,"^ESCTDE690024","","416975007","2957155010","Dementia in Alzheimer's disease - type 1",1,1,1,1,1,,"Dementia diagnosis",1,1,1,,,,,1,1,,,,,,,1
"496158012",100,"A941","A941.00","51928006","496158012","General paresis - neurosyphilis",1,1,,,,,"",,,1,,1,,,,1,1,,,,,,
"7843521000006113",100,"^ESCTRA784352","","723390000","3424366013","Rapidly progressive dementia",1,1,,,,,"Dementia diagnosis",1,1,1,,,1,,,1,1,,,,,,1
"296996011",90,"F103z","F103z00","192794001","296993015","Cerebral degeneration in disease NOS",1,1,1,1,,,"",,,,,,,,,,,,,,,,
"296999016",90,"F10z","F10z.00","2584003","5405012","Childhood cerebral degenerations NOS",1,1,1,1,,,"",,,,,,,,,,,,,,,,
"8089231000006110",90,"^ESCTVA808923","","288631000119104","3289994019","Vascular dementia with behavioural disturbance",1,1,,,,,"Vascular dementia diagnosis",1,1,1,,,,1,,1,,,,,1,1,1
"12702281000006111",90,"^ESCT1270228","","52522001","198391016","Degenerative brain disorder",1,1,1,1,,,"",,,,,,,,,,,,,,,,
"2742971000000119",80,"^ESCT1172375","","1095101000000106","2742971000000119","Offer of dementia advance care planning review declined",1,1,,,,,"Dementia diagnosis",1,1,,,,,,,,,,,,,,
"12734321000006118",80,"^ESCT1273432","","143381000000102","1628231000000118","QOF (Quality and Outcomes Framework) dementia quality indicator-related care invitation using preferred method of communication",1,,,,,,"",,,,,,,,,,,,,,,,
"294688019",80,"E02y1","E02y100","191493005","294688019","Drug-induced dementia",1,1,1,1,1,,"Dementia diagnosis",1,1,1,,1,,,,1,1,,,,,,1
"1972931000006117",80,"EMISICD10|F0134","","1972931000006101","1972931000006117","Mixed cortical and subcortical vascular dementia, other mixed symptoms",1,1,1,1,1,,"",,,,,,,,,,,,,,,,
"423391000006114",80,"Eu000-2","Eu00012","416780008","2957119019","[X]Primary degen dementia, Alzheimer's type, presenile onset",1,1,1,1,1,,"Dementia diagnosis",1,1,1,,,,,1,1,,,,,,,1
"12116721000006112",70,"^ESCT1211672","","1098271000000104","2749881000000117","Dementia advance care planning declined",1,,,,,,"",,,,,,,,,,,,,,,,
"8044941000006117",70,"^ESCTDE804494","","142001000119106","2968437012","Depressed mood in Alzheimer's disease",1,1,,,,,"Dementia diagnosis",1,1,1,,,,,1,1,,,,,,,1
"542781000006113",70,"F11x","F11x.00","192794001","2575727019","Cerebral degeneration associated with another disorder",1,1,1,1,,,"",,,,,,,,,,,,,,,,
"3575041000006117",70,"^ESCTPR357504","","66108005","109791011","Primary degenerative dementia of the Alzheimer type, senile onset, uncomplicated",1,1,,,,,"Dementia diagnosis",1,1,1,,,,,1,1,,,,,,,1
"8313671000006111",70,"^ESCTDE831367","","893331000000102","2299801000000114","Dementia assessment service",1,,,,,,"",,,,,,,,,,,,,,,,
"12106371000006111",60,"^ESCT1210637","","10171000132106","3672960015","BPSD - behavioral and psychological symptoms of dementia",1,1,,,1,,"",,,1,,,1,,,,,,,,,,
"1972681000006112",60,"EMISICD10|F0114","","1972681000006108","1972681000006112","Multi-infarct dementia, other mixed symptoms",1,1,1,1,1,,"",,,,,,,,,,,,,,,,
"359091000006115",60,"Eu02z-2","Eu02z12","268612007","401757012","[X] Presenile psychosis NOS",1,1,1,1,,,"",,,,,,,,,,,,,,,,
"8028391000006119",60,"^ESCTAN802839","","92001000000104","140941000000115","Anti-dementia drug therapy",1,1,,,,,"",,,1,,,1,,,,,,,,,,
"2451471000000113",60,"^ESCT1171267","","961891000000104","2451471000000113","Dementia assessment care plan",1,,,,,,"",,,,,,,,,,,,,,,,
"8044911000006116",50,"^ESCTDE804491","","141991000119109","2968442016","Delusions in Alzheimer's disease",1,1,,,,,"",,,1,,,,,1,1,,,,,,,1
"8044981000006111",50,"^ESCTAL804498","","142011000119109","3311926019","Alzheimer's disease co-occurrent with delirium",1,1,,,,,"",,,1,,,,,1,1,,,,,,,
"1774581000006113",50,"EMISNQRE154","","1774581000006109","1774581000006113","Refer to dementia care advisor",1,1,,,1,,"",,,,,,,,,,,,,,,,
"1972251000006119",50,"EMISICD10|F0021","","1972251000006103","1972251000006119","Dementia in Alzheimer's dis, atypical or mixed type, other symptoms, predominantly delusional",1,1,1,1,1,,"",,,,,,,,,,,,,,,,
"6024071000006116",50,"^ESCTLE602407","","312991009","1227470010","Lewy body dementia",1,1,,,1,1,"Dementia diagnosis",1,1,1,1,,,,,1,,,1,,,1,1
"363041000006118",50,"Eu000-3","Eu00013","416780008","2957119019","[X]Alzheimer's disease type 2",1,1,1,1,1,,"Dementia diagnosis",1,1,1,,,,,1,1,,,,,,,1
"2620471000000118",50,"8BM60","","720022007","3318963016","Shared care prescribing of drugs for dementia declined",1,1,,,1,,"",,,,,,,,,,,,,,,,
"7874771000006117",50,"^ESCTDE787477","","725898002","3446229012","Delirium superimposed on dementia",1,1,,,1,,"",,,1,,,1,,,1,1,,,,,,1
"3635492010",50,"^ESCT1169441","","762707000","3635492010","Subcortical dementia",1,1,,,,,"",,,1,,,1,,,1,1,,,,,,
"2667431000006115",40,"^ESCTPR266743","","10532003","18304011","Primary degenerative dementia of the Alzheimer type, presenile onset, with depression",1,1,,,,,"",,,1,,,,,1,1,,,,,,,
"296994014",40,"F1030","F103000","192795000","296994014","Cerebral degeneration in Hunter's disease",1,1,1,1,,,"",,,,,,,,,,,,,,,,
"1971401000006111",40,"EMISICD10|F0000","","1971401000006107","1971401000006111","Dementia in Alzheimer's disease with early onset, without additional symptoms",1,1,1,1,1,,"",,,,,,,,,,,,,,,,
"1972311000006112",40,"EMISICD10|F0023","","1972311000006108","1972311000006112","Dementia in Alzheimer's dis, atypical or mixed type, other symptoms, predominantly depressive",1,1,1,1,1,,"",,,,,,,,,,,,,,,,
"5005741000006115",40,"^ESCTTR500574","","230282000","345103015","Traumatic encephalopathy",1,1,,,,,"Dementia diagnosis",1,1,1,,1,,,,1,1,,,,,,1
"6348061000006115",40,"^ESCTSE634806","","371026009","1209737018","Senile dementia with psychosis",1,1,,,,,"",,,1,,,1,,,1,1,,,,,,
"7510731000006118",40,"^ESCTDE751073","","698625002","2975099019","Dementia associated with normal pressure hydrocephalus",1,1,,,,,"",,,1,,1,,,,1,1,,,,,,
"7955111000006116",40,"^ESCTDE795511","","733191004","3498957018","Dementia due to chronic subdural haematoma",1,1,,,,,"",,,1,,1,,,,1,1,,,,,,
"13934381000006118",40,"^ESCT1393438","","833326008","3884948011","Cortical vascular dementia",1,1,,,,,"",,,1,,,,1,,1,,,,,1,,
"1235534016",40,"F21y2-1","F21y211","90099008","1235534016","Binswanger's encephalopathy",1,1,1,1,,,"",,,1,,,,1,,1,,,,,1,1,1
"3964671000006119",40,"^ESCTCH396467","","90099008","1235537011","Chronic progressive subcortical encephalopathy",1,1,1,1,,,"",,,1,,,,1,,1,,,,,1,1,1
"8030791000006119",40,"^ESCTAL803079","","97751000119108","2968441011","Altered behaviour in Alzheimer's disease",1,1,,,,,"",,,1,,,,,1,1,,,,,,,
"12106351000006118",30,"^ESCT1210635","","10171000132106","3672961016","Behavioural and psychological symptoms of dementia",1,1,,,,,"",,,1,,,1,,,,,,,,,,
"14464361000006117",30,"^ESCT1446436","","1156800008","4576889014","Autosomal dominant Alzheimer disease due to mutation of presenilin 1",1,1,,,,,"",,,1,,,,,1,1,,,,,,,
"9902251000006117",30,"^ESCTVA990225","","16276361000119109","3447365013","Vascular dementia without behavioural disturbance",1,1,,,,,"Vascular dementia diagnosis",1,1,1,,,,1,,1,,,,,1,1,
"297018015",30,"F11x6","F11x600","192817003","297018015","Cerebral degeneration due to vitamin B12 deficiency",1,1,1,1,,,"",,,,,,,,,,,,,,,,
"1972041000006114",30,"EMISICD10|F03X1","","1972041000006105","1972041000006114","Unspecified dementia, other symptoms, predominantly delusional",1,1,1,1,1,,"",,,,,,,,,,,,,,,,
"1972571000006110",30,"EMISICD10|F0104","","1972571000006106","1972571000006110","Vascular dementia of acute onset, other mixed symptoms",1,1,1,1,1,,"",,,,,,,,,,,,,,,,
"882931000006115",30,"F10-99","F10..99","2584003","882931000006115","Child cerebral degeneration",1,1,1,1,,,"",,,,,,,,,,,,,,,,
"5618231000006117",30,"^ESCTFR561823","","278855005","415879012","Frontal lobe degeneration",1,1,,,,,"Dementia diagnosis",1,1,,,,,,,,,,,,,,
"7840631000006118",30,"^ESCTIS784063","","723123001","3334662012","Ischaemic vascular dementia",1,1,,,1,,"Vascular dementia diagnosis",1,1,1,,,,1,,1,,,,,1,1,1
"7955161000006118",30,"^ESCTDE795516","","733194007","3498962017","Dementia with Down syndrome",1,1,,,,,"",,,1,,,,,,1,1,,,,,,1
"13909641000006114",30,"^ESCT1390964","","788862002","3786010018","Agitation due to dementia",1,1,,,,,"",,,1,,,1,,,1,1,,,,,,
"3802641000006114",30,"^ESCTLB380264","","80098002","1234436013","LBD - Lewy body disease",1,1,1,1,1,,"Dementia diagnosis",1,1,1,1,,,,,1,,,1,,,1,1
"8032911000006111",20,"^ESCTEA803291","","105421000119105","2985868010","Early onset Alzheimer's disease with behavioural disturbance",1,1,,,,,"",,,1,,,,,1,1,,,,,,,
"2729791000000114",20,"^ESCT1171774","","1089531000000108","2729791000000114","Predominantly cortical vascular dementia",1,1,,,,,"",,,1,,,,1,,1,,,,,1,1,
"296993015",20,"F103","F103.00","192794001","296993015","Cerebral degeneration in diseases EC",1,1,1,1,,,"",,,,,,,,,,,,,,,,
"542671000006117",20,"F11x5","F11x500","192816007","297016016","Cerebral degeneration due to myxoedema",1,1,1,1,,,"",,,,,,,,,,,,,,,,
"1972061000006113",20,"EMISICD10|F03X2","","1972061000006109","1972061000006113","Unspecified dementia, other symptoms, predominantly hallucinatory",1,1,1,1,1,,"",,,,,,,,,,,,,,,,
"1972201000006118",20,"EMISICD10|F0013","","1972201000006102","1972201000006118","Dementia in Alzheimer's disease with late onset, other symptoms, predominantly depressive",1,1,1,1,,,"",,,,,,,,,,,,,,,,
"1972791000006115",20,"EMISICD10|F0124","","1972791000006104","1972791000006115","Subcortical vascular dementia, other mixed symptoms",1,1,1,1,1,,"",,,,,,,,,,,,,,,,
"1972821000006112",20,"EMISICD10|F0130","","1972821000006108","1972821000006112","Mixed cortical and subcortical vascular dementia, without additional symptoms",1,1,1,1,1,,"",,,,,,,,,,,,,,,,
"2825541000006118",20,"^ESCTPR282554","","20484008","34472014","Prion disease",1,1,,,,,"Dementia diagnosis",1,1,,,,,,,1,1,,,,,,
"8010111000006117",20,"^ESCTPR801011","","22381000119105","2955670014","Primary degenerative dementia",1,1,,,,,"Dementia diagnosis",1,1,1,,,1,,,1,1,,,,,,1
"5005581000006119",20,"^ESCTFO500558","","230269008","345087018","Focal Alzheimer's disease",1,1,,,,,"Dementia diagnosis",1,1,1,,,,,1,1,,,,,,,1
"1805751000006115",20,"EMISNQVA13","","304603007","2532511011","Variant Creutzfeldt-Jakob disease",1,1,,,,,"Dementia diagnosis",1,1,1,,1,,,,1,1,,,,,,
"6897241000006118",20,"^ESCTDE689724","","416780008","2957133019","Dementia of the Alzheimers type with early onset",1,1,1,1,1,,"Dementia diagnosis",1,1,1,,,,,1,1,,,,,,,1
"2575731000006115",20,"^ESCTPR257573","","4817008","9023015","Primary degenerative dementia of the Alzheimer type, senile onset, with delirium",1,1,,,,,"",,,1,,,,,1,1,,,,,,,
"496157019",20,"A941-1","A941.11","51928006","496157019","General paralysis of insane",1,1,,,,,"",,,1,,1,,,,1,1,,,,,,
"2603271000006110",20,"^ESCTPR260327","","6475002","11739017","Primary degenerative dementia of the Alzheimer type, presenile onset, uncomplicated",1,1,,,,,"",,,1,,,,,1,1,,,,,,,
"7510741000006111",20,"^ESCTDE751074","","698626001","2974926012","Dementia associated with multiple sclerosis",1,1,,,,,"Dementia diagnosis",1,1,1,,1,,,,1,1,,,,,,
"7734291000006113",20,"^ESCTPO773429","","715574002","3305490014","Posterior cortical atrophy",1,1,,,,,"",,,1,,1,,,1,1,,,,,,,
"7755121000006115",20,"^ESCTBE775512","","716994006","3308115011","Behavioural variant of frontotemporal dementia",1,1,,,1,,"",,,1,,1,,,,1,,1,,,,,
"12370661000006114",20,"^ESCT1237066","","79341000119107","3670852013","Dementia with mixed aetiology",1,1,,,,1,"Dementia diagnosis",1,1,1,,,,,,1,,,,1,,,1
"12106381000006114",10,"^ESCT1210638","","10171000132106","3672962011","BPSD - behavioural and psychological symptoms of dementia",1,1,,,,,"",,,1,,,1,,,,,,,,,,
"12106391000006112",10,"^ESCT1210639","","10171000132106","3672963018","Behavioral and psychological symptoms of dementia",1,1,,,,,"",,,1,,,1,,,,,,,,,,
"14575911000006117",10,"^ESCT1457591","","1187004001","4668702019","Chronic traumatic encephalopathy",1,1,,,,,"",,,1,,1,,,,1,1,,,,,,
"297014018",10,"F11x3","F11x300","192814005","297014018","Cerebral degeneration due to congenital hydrocephalus",1,1,1,1,,,"",,,,,,,,,,,,,,,,
"1949621000006118",10,"EMISNQDE67","","1949621000006102","1949621000006118","Dementia stage at diagnosis",1,1,1,1,1,,"",,,,,,,,,,,,,,,,
"1949671000006117",10,"EMISNQDE72","","1949671000006101","1949671000006117","Dementia stage at diagnosis - not known",1,1,1,1,1,,"",,,,,,,,,,,,,,,,
"1949761000006115",10,"EMISNQDE79","","1949761000006104","1949761000006115","Dementia PDS transition - referred for community care support",1,1,,,1,,"",,,,,,,,,,,,,,,,
"1969641000006115",10,"EMISNQDE125","","1969641000006104","1969641000006115","Dementia case finding question",1,,,,,,"",,,,,,,,,,,,,,,,
"1972071000006118",10,"EMISICD10|F03X3","","1972071000006102","1972071000006118","Unspecified dementia, other symptoms, predominantly depressive",1,1,1,1,1,,"",,,,,,,,,,,,,,,,
"1972401000006117",10,"EMISICD10|F0091","","1972401000006101","1972401000006117","Dementia in Alzheimer's disease, unspecified, other symptoms, predominantly delusional",1,1,1,1,,,"",,,,,,,,,,,,,,,,
"1972481000006114",10,"EMISICD10|F0100","","1972481000006105","1972481000006114","Vascular dementia of acute onset, without additional symptoms",1,1,1,1,1,,"",,,,,,,,,,,,,,,,
"1972751000006114",10,"EMISICD10|F0122","","1972751000006105","1972751000006114","Subcortical vascular dementia, other symptoms, predominantly hallucinatory",1,1,1,1,1,,"",,,,,,,,,,,,,,,,
"1975591000006119",10,"EMISICD10|F1073","","1975591000006103","1975591000006119","Mental & behav dis due to use alcohol: resid & late-onset psychot dis, dementia",1,,,,,,"",,,,,,,,,,,,,,,,
"5005501000006111",10,"^ESCTFA500550","","230265002","345083019","Familial Alzheimer's disease of early onset",1,1,,,,,"Dementia diagnosis",1,1,1,,,,,1,1,,,,,,,1
"5005561000006112",10,"^ESCTNO500556","","230268000","345086010","Non-familial Alzheimer's disease of late onset",1,1,,,,,"Dementia diagnosis",1,1,1,,,,,1,1,,,,,,,1
"5005881000006116",10,"^ESCTPA500588","","230289009","345114017","Patchy dementia",1,1,,,,,"Dementia diagnosis",1,1,,,,,,,1,1,,,,,,1
"296998012",10,"F10yz","F10yz00","2584003","5405012","Other cerebral degenerations in childhood NOS",1,1,1,1,,,"",,,,,,,,,,,,,,,,
"2929931000006112",10,"^ESCTPR292993","","26852004","44934012","Primary degenerative dementia of the Alzheimer type, senile onset, with depression",1,1,,,,,"",,,1,,,,,1,1,,,,,,,
"296995010",9,"F1031","F103100","192796004","296995010","Cerebral degeneration in mucopolysaccharidoses",1,1,1,1,,,"",,,,,,,,,,,,,,,,
"1972181000006119",9,"EMISICD10|F0011","","1972181000006103","1972181000006119","Dementia in Alzheimer's disease with late onset, other symptoms, predominantly delusional",1,1,1,1,1,,"",,,,,,,,,,,,,,,,
"1973221000006118",9,"EMISICD10|F0180","","1973221000006102","1973221000006118","Other vascular dementia, without additional symptoms",1,1,1,1,1,,"",,,,,,,,,,,,,,,,
"5005541000006113",9,"^ESCTFA500554","","230267005","345085014","Familial Alzheimer's disease of late onset",1,1,,,,,"Dementia diagnosis",1,1,1,,,,,1,1,,,,,,,1
"296997019",9,"F10y","F10y.00","2584003","5405012","Other cerebral degenerations in childhood",1,1,1,1,,,"",,,,,,,,,,,,,,,,
"1932091000006115",8,"EMISNQ3D13","","1932091000006104","1932091000006115","3D study - problems with dementia management",1,1,,,1,,"",,,,,,,,,,,,,,,,
"1972451000006118",8,"EMISICD10|F0093","","1972451000006102","1972451000006118","Dementia in Alzheimer's disease, unspecified, other symptoms, predominantly depressive",1,1,1,1,1,,"",,,,,,,,,,,,,,,,
"346897015",8,"E00y-1","E00y.11","231438001","346897015","Presbyophrenic psychosis",1,1,1,1,,,"",,,,,,,,,,,,,,,,
"8024641000006111",8,"^ESCTAL802464","","82361000119107","2983522015","Altered behaviour in Huntington's dementia",1,1,,,,,"",,,1,,1,,,,1,1,,,,,,
"1949721000006114",7,"EMISNQDE76","","1949721000006105","1949721000006114","Dementia post diagnostic support (PDS) - transition arrangements",1,1,1,1,1,,"",,,,,,,,,,,,,,,,
"1969691000006112",7,"EMISNQDE128","","1969691000006108","1969691000006112","Dementia case finding question: patient unable to answer",1,,,,,,"",,,,,,,,,,,,,,,,
"1972131000006115",7,"EMISICD10|F0003","","1972131000006104","1972131000006115","Dementia in Alzheimer's disease with early onset, other symptoms, predominantly depressive",1,1,1,1,1,,"",,,,,,,,,,,,,,,,
"3195111000006118",7,"^ESCTLE319511","","43127003","71949010","Lewy body",1,1,,,1,,"",,,,,,,,,,,,,,,,
"3591821000006112",7,"^ESCTGE359182","","67155006","111548011","Gerstmann-Straussler-Scheinker syndrome",1,1,,,,,"Dementia diagnosis",1,1,,,,,,,,,,,,,,
"7511421000006118",7,"^ESCTPO751142","","698687007","2975220017","Post-traumatic dementia with behavioural change",1,1,,,,,"",,,1,,,1,,,1,1,,,,,,
"7874761000006112",7,"^ESCTDE787476","","725898002","3446228016","Delirium co-occurrent with dementia",1,1,,,,,"",,,1,,,1,,,1,1,,,,,,1
"1949661000006112",6,"EMISNQDE71","","1949661000006108","1949661000006112","Dementia stage at diagnosis - undetermined",1,1,1,1,,,"",,,,,,,,,,,,,,,,
"1973551000006112",6,"EMISICD10|F0193","","1973551000006108","1973551000006112","Vascular dementia, unspecified, other symptoms, predominantly depressive",1,1,1,1,1,,"",,,,,,,,,,,,,,,,
"5005671000006118",6,"^ESCTFR500567","","230274000","345093014","Frontal lobe degeneration with motor neurone disease",1,1,,,,,"Dementia diagnosis",1,1,1,,1,,,,,,,,,,,
"7560531000006110",6,"^ESCTFR756053","","702429008","2995187016","Frontotemporal dementia with parkinsonism-17",1,1,,,,,"",,,1,,1,,,,1,,1,,,,,
"13909621000006119",6,"^ESCT1390962","","788861009","3786008015","Aggression due to dementia",1,1,,,,,"",,,1,,,1,,,1,1,,,,,,
"13943181000006116",6,"^ESCT1394318","","840452004","3943136017","Classical sporadic Creutzfeldt-Jakob disease",1,1,,,,,"",,,1,,1,,,,1,1,,,,,,
"2729771000000110",5,"^ESCT1171773","","1089521000000106","2729771000000110","Predominantly cortical dementia",1,1,,,,,"Dementia diagnosis",1,1,1,,1,,,,1,1,,,,,1,
"1971541000006114",5,"EMISICD10|F0001","","1971541000006105","1971541000006114","Dementia in Alzheimer's disease with early onset, other symptoms, predominantly delusional",1,1,1,1,,,"",,,,,,,,,,,,,,,,
"1972501000006116",5,"EMISICD10|F0101","","1972501000006100","1972501000006116","Vascular dementia of acute onset, other symptoms, predominantly delusional",1,1,1,1,1,,"",,,,,,,,,,,,,,,,
"1972771000006116",5,"EMISICD10|F0123","","1972771000006100","1972771000006116","Subcortical vascular dementia, other symptoms, predominantly depressive",1,1,1,1,1,,"",,,,,,,,,,,,,,,,
"1973531000006117",5,"EMISICD10|F0192","","1973531000006101","1973531000006117","Vascular dementia, unspecified, other symptoms, predominantly hallucinatory",1,1,1,1,1,,"",,,,,,,,,,,,,,,,
"2931231000006118",5,"^ESCTAD293123","","26929004","1225144019","AD - Alzheimer's disease",1,1,1,1,,1,"Dementia diagnosis",1,1,1,,,,,1,1,,,,,,,1
"6348031000006112",5,"^ESCTSE634803","","371024007","1209735014","Senile dementia with delusion",1,1,,,,,"",,,1,,,1,,,1,1,,,,,,
"3511181000006115",5,"^ESCTPA351118","","62239001","103435012","Parkinson-dementia complex of Guam",1,1,,,,,"Dementia diagnosis",1,1,1,,1,,,,1,1,,,,,,1
"13913061000006118",5,"^ESCT1391306","","789170003","3787502016","Disinhibited behaviour due to dementia",1,1,,,,,"",,,1,,,1,,,1,1,,,,,,
"8024691000006119",5,"^ESCTEP802469","","82381000119103","3290087011","Epileptic dementia with behavioural disturbance",1,1,,,,,"",,,,,,,,,1,1,,,,,,
"11930781000006119",5,"^ESCT1193078","","869791000000101","2248021000000110","Dementia care plan",1,,,,,,"",,,,,,,,,,,,,,,,
"8031761000006117",4,"^ESCTDE803176","","101421000119107","2987130014","Dementia due to Parkinsons disease",1,1,,,,,"Dementia diagnosis",1,1,1,,1,,,,1,,,1,,,,1
"296990017",4,"F1020","F102000","192791009","296990017","Cerebral degeneration in Gaucher's disease",1,1,1,1,,,"",,,,,,,,,,,,,,,,
"297015017",4,"F11x4","F11x400","192815006","297015017","Cerebral degeneration due to neoplastic disease",1,1,1,1,,,"",,,,,,,,,,,,,,,,
"1950641000006119",4,"EMISNQDE102","","1950641000006103","1950641000006119","Dementia PDS (Scot) - supporting community connections status",1,1,1,1,,,"",,,,,,,,,,,,,,,,
"1950651000006117",4,"EMISNQDE103","","1950651000006101","1950651000006117","Dementia PDS (Scot) support community connections - pillar met",1,1,1,1,,,"",,,,,,,,,,,,,,,,
"1972711000006113",4,"EMISICD10|F0120","","1972711000006109","1972711000006113","Subcortical vascular dementia, without additional symptoms",1,1,1,1,1,,"",,,,,,,,,,,,,,,,
"1972831000006110",4,"EMISICD10|F0131","","1972831000006106","1972831000006110","Mixed cortical and subcortical vascular dementia, other symptoms, predominantly delusional",1,1,1,1,1,,"",,,,,,,,,,,,,,,,
"1973271000006117",4,"EMISICD10|F0181","","1973271000006101","1973271000006117","Other vascular dementia, other symptoms, predominantly delusional",1,1,1,1,1,,"",,,,,,,,,,,,,,,,
"5618271000006119",4,"^ESCTDF561827","","278857002","415882019","DFT - Dementia frontal lobe type",1,1,,,,1,"Dementia diagnosis",1,1,1,,1,,,,1,,1,,,,,1
"6973421000006116",4,"^ESCTDE697342","","421529006","2617355019","Dementia associated with AIDS",1,1,1,1,,,"",,,1,,1,,,,1,1,,,,,,1
"14669521000006116",4,"^ESCT1466952","","421529006","4577418013","Dementia with AIDS (acquired immunodeficiency syndrome)",1,1,,,,,"",,,1,,1,,,,1,1,,,,,,1
"7710381000006117",4,"^ESCTDE771038","","713844000","3297772011","Dementia co-occurrent with human immunodeficiency virus infection",1,1,,,,,"",,,1,,1,,,,1,1,,,,,,
"12370641000006110",4,"^ESCT1237064","","79341000119107","3670850017","Dementia with mixed etiology",1,1,,,,1,"Dementia diagnosis",1,1,1,,,,,,1,,,,1,,,1
"3802671000006118",4,"^ESCTCO380267","","80098002","1234439018","Cortical Lewy body disease",1,1,1,1,,,"Dementia diagnosis",1,1,1,1,,,,,1,,,1,,,1,1
"8033241000006113",3,"^ESCTMU803324","","106021000119105","3306365017","Multi-infarct dementia due to atherosclerosis",1,1,,,,,"",,,1,,,,1,,1,,,,,1,1,
"14574821000006117",3,"^ESCT1457482","","1186880002","4668169016","Dementia due to cobalamin deficiency",1,1,,,,,"",,,,,,,,,1,1,,,,,,
"9896131000006110",3,"^ESCTBE989613","","16219201000119101","3512938016","Behavioural disturbance co-occurrent and due to late onset Alzheimer dementia",1,1,,,,,"",,,1,,,,,1,1,,,,,,,
"296991018",3,"F1021","F102100","192792002","296991018","Cerebral degeneration in Niemann-Pick disease",1,1,1,1,,,"",,,,,,,,,,,,,,,,
"1949611000006114",3,"EMISNQDE66","","1949611000006105","1949611000006114","Dementia post diagnostic support (Scotland)",1,1,1,1,1,,"",,,,,,,,,,,,,,,,
"1949701000006116",3,"EMISNQDE74","","1949701000006100","1949701000006116","Dementia support plan (Scot) partly in place at 12 months",1,1,1,1,1,,"",,,,,,,,,,,,,,,,
"1950561000006116",3,"EMISNQDE94","","1950561000006100","1950561000006116","Dementia PDS planning future care - pillar status not known",1,1,1,1,,,"",,,,,,,,,,,,,,,,
"8009521000006114",3,"^ESCTDE800952","","21921000119103","2987132018","Dementia due to Picks disease",1,1,1,1,,,"Dementia diagnosis",1,1,1,,1,,,,1,,1,,,,,1
"5005661000006113",3,"^ESCTLO500566","","230273006","345091011","Lobar atrophy",1,1,1,1,,,"Dementia diagnosis",1,1,,,,,,,,,,,,,,1
"13796591000006119",3,"^ESCT1379659","","273269001","3724076011","Alzheimer's Disease Assessment Scale",1,,,,,,"",,,,,,,,,,,,,,,,
"8089241000006117",3,"^ESCTVA808924","","288631000119104","3290002019","Vascular dementia with behavioral disturbance",1,1,,,,,"Vascular dementia diagnosis",1,1,1,,,,1,,1,,,,,1,1,1
"8014401000006116",3,"^ESCTEA801440","","31081000119101","2987122013","Early onset dementia with delusions",1,1,,,,,"",,,1,,,1,,,1,1,,,,,,
"3240651000006113",3,"^ESCTAG324065","","45864009","2966662012","Age-related degeneration of brain",1,1,1,1,,,"Dementia diagnosis",1,1,,,,,,,,,,,,,,1
"7515061000006117",3,"^ESCTVA751506","","698948009","2981750014","Vascular dementia in remission",1,1,,,,,"",,,1,,,,1,,1,,,,,1,1,
"3636474012",3,"^ESCT1169049","","762351006","3636474012","Dementia due to and following injury of head",1,1,,,,,"",,,1,,1,,,,1,1,,,,,,
"2510981000006118",3,"^ESCTCJ251098","","792004","1234325017","CJD - Creutzfeldt-Jakob disease",1,1,1,1,,,"Dementia diagnosis",1,1,1,,1,,,,1,1,,,,,,
"13943421000006112",3,"^ESCT1394342","","840465008","3902075018","Dementia due to iron deficiency",1,1,,,,,"",,,,,,,,,1,1,,,,,,
"2664601000006115",2,"^ESCTMU266460","","10349009","18020012","Multi-infarct dementia with delirium",1,1,,,,,"Vascular dementia diagnosis",1,1,1,,,,1,,1,,,,,1,1,1
"2664611000006117",2,"^ESCTVA266461","","10349009","18021011","Vascular dementia, with delirium",1,1,,,,,"Vascular dementia diagnosis",1,1,1,,,,1,,1,,,,,1,1,1
"2733161000000117",2,"^ESCT1171949","","1091141000000107","2733161000000117","PAINAD (Pain Assessment in Advanced Dementia) Scale score",1,,,,,,"",,,,,,,,,,,,,,,,
"4763081000006118",2,"^ESCTSE476308","","191461002","1222240013","Senile delirium",1,1,1,1,,,"Dementia diagnosis",1,1,1,,,1,,,1,1,,,,,,1
"1916981000006111",2,"EMISNQDE54","","1916981000006107","1916981000006111","Dementia medication review",1,1,1,1,,,"",,,,,,,,,,,,,,,,
"296992013",2,"F102z","F102z00","192794001","296993015","Cerebral degeneration in lipidosis NOS",1,1,1,1,,,"",,,,,,,,,,,,,,,,
"4768981000006114",2,"^ESCTCE476898","","192818008","297019011","Cerebral degeneration due to Creutzfeldt-Jakob disease",1,1,1,1,,,"",,,1,,1,,,,1,1,,,,,,
"1949681000006119",2,"EMISNQPE63","","1949681000006103","1949681000006119","Person centred dementia support plan (Scotland)",1,1,1,1,,,"",,,,,,,,,,,,,,,,
"1950731000006115",2,"EMISNQDE111","","1950731000006104","1950731000006115","Dementia PDS planning future decisn-making -pillar partially met",1,1,1,1,,,"",,,,,,,,,,,,,,,,
"1971771000006112",2,"EMISICD10|F0002","","1971771000006108","1971771000006112","Dementia in Alzheimer's disease with early onset, other symptoms, predominantly hallucinatory",1,1,1,1,,,"",,,,,,,,,,,,,,,,
"1972191000006116",2,"EMISICD10|F0012","","1972191000006100","1972191000006116","Dementia in Alzheimer's disease with late onset, other symptoms, predominantly hallucinatory",1,1,1,1,1,,"",,,,,,,,,,,,,,,,
"1972431000006113",2,"EMISICD10|F1273","","1972431000006109","1972431000006113","Mental & behav dis due to cannabinoids: resid & late-onset psychot dis, dementia",1,,,,,,"",,,,,,,,,,,,,,,,
"1972661000006119",2,"EMISICD10|F0113","","1972661000006103","1972661000006119","Multi-infarct dementia, other symptoms, predominantly depressive",1,1,1,1,,,"",,,,,,,,,,,,,,,,
"1972871000006113",2,"EMISICD10|F0132","","1972871000006109","1972871000006113","Mixed cortical and subcortical vascular dementia, other symptoms, predominantly hallucinatory",1,1,1,1,1,,"",,,,,,,,,,,,,,,,
"1973341000006118",2,"EMISICD10|F0182","","1973341000006102","1973341000006118","Other vascular dementia, other symptoms, predominantly hallucinatory",1,1,1,1,1,,"",,,,,,,,,,,,,,,,
"1973381000006112",2,"EMISICD10|F0183","","1973381000006108","1973381000006112","Other vascular dementia, other symptoms, predominantly depressive",1,1,1,1,1,,"",,,,,,,,,,,,,,,,
"2912321000006113",2,"^ESCTMU291232","","25772007","43182011","Multi-infarct dementia with delusions",1,1,,,,,"",,,1,,,,1,,1,,,,,1,1,
"6964691000006110",2,"^ESCTPR696469","","421023003","2617360015","Presenile dementia associated with AIDS",1,1,,,,,"",,,1,,,1,,,1,1,,,,,,
"7043661000006117",2,"^ESCTDE704366","","425390006","2842012010","Dementia associated with Parkinson Disease",1,1,1,1,,,"Dementia diagnosis",1,1,1,,1,,,,1,,,1,,,,1
"3189531000006118",2,"^ESCTDI318953","","42769004","71362016","Diffuse Lewy body disease with spongiform cortical change",1,1,,,,,"",,,1,1,,,,,1,,,1,,,1,
"3392881000006115",2,"^ESCTPR339288","","55009008","91452019","Primary degenerative dementia of the Alzheimer type, senile onset, with delusions",1,1,,,,,"",,,1,,,,,1,1,,,,,,,
"3414261000006114",2,"^ESCTMU341426","","56267009","2921000019","Multi infarct dementia",1,1,1,1,,1,"Vascular dementia diagnosis",1,1,1,,,,1,,1,,,,,1,1,1
"7750411000006114",2,"^ESCTRI775041","","716667005","3307153015","Right temporal lobar atrophy",1,1,,,,,"",,,1,,1,,,,1,,1,,,,,
"7863681000006115",2,"^ESCTEP786368","","724992007","3498220017","Epilepsy co-occurrent and due to dementia",1,1,,,,,"",,,1,,,1,,,1,1,,,,,,
"3802621000006119",2,"^ESCTLE380262","","80098002","132894011","Lewy body variant of Alzheimer's disease",1,1,1,1,,,"Dementia diagnosis",1,1,1,1,,,,,1,,,1,,,1,1
"3964661000006114",2,"^ESCTSU396466","","90099008","1235536019","Subcortical atherosclerotic dementia",1,1,1,1,,,"",,,1,,,,1,,1,,,,,1,1,1
"3964591000006117",2,"^ESCTSU396459","","90099008","508841015","Subcortical leucoencephalopathy",1,1,1,1,,,"",,,1,,,,1,,1,,,,,1,1,1
"2649061000006115",2,"^ESCTDI264906","","9345005","16396012","Dialysis dementia",1,1,,,,,"Dementia diagnosis",1,1,,,,,,,1,1,,,,,,
"8030801000006118",2,"^ESCTAL803080","","97751000119108","2968443014","Altered behavior in Alzheimer's disease",1,1,,,,,"",,,1,,,,,1,1,,,,,,,
"8031771000006112",1,"^ESCTDE803177","","101421000119107","2987358012","Dementia due to Parkinson disease",1,1,,,,,"Dementia diagnosis",1,1,1,,1,,,,1,,,1,,,,1
"12106361000006116",1,"^ESCT1210636","","10171000132106","3672958017","Neuropsychiatric symptoms",1,,,,,,"",,,,,,,,,,,,,,,,
"8032931000006117",1,"^ESCTEA803293","","105421000119105","2987421013","Early onset Alzheimers disease with behavioral disturbance",1,1,,,,,"",,,1,,,,,1,1,,,,,,,
"2729731000000113",1,"^ESCT1171771","","1089501000000102","2729731000000113","Presenile dementia with psychosis",1,1,,,,,"",,,1,,,1,,,1,1,,,,,,
"2707661000006119",1,"^ESCTPI270766","","13092008","2838911012","Pick disease",1,1,1,1,,,"Dementia diagnosis",1,1,,,,,,,1,,1,,,,,1
"8042801000006115",1,"^ESCTLE804280","","135811000119107","2983835018","Lewy body dementia with behavioral disturbance",1,1,,,,,"Dementia diagnosis",1,1,1,1,,,,,1,,,1,,,1,
"2722931000006114",1,"^ESCTMU272293","","14070001","23960010","Multi-infarct dementia with depression",1,1,,,,,"",,,1,,,,1,,1,,,,,1,1,
"8044951000006115",1,"^ESCTAL804495","","142001000119106","2987089016","Alzheimers dementia with depressed mood",1,1,,,,,"Dementia diagnosis",1,1,1,,,,,1,1,,,,,,,1
"4539871000006116",1,"^ESCTHI453987","","161465002","2987032015","History of dementia",1,1,1,1,,,"",,,,,,,,,1,1,,,,,,
"296988018",1,"F101z","F101z00","192794001","296993015","Cerebral lipidoses NOS",1,1,1,1,,,"",,,,,,,,,,,,,,,,
"297012019",1,"F11x1","F11x100","192812009","297012019","Cerebral degeneration due to beriberi",1,1,1,1,,,"",,,,,,,,,,,,,,,,
"4768951000006118",1,"^ESCTMY476895","","192816007","297016016","Myxoedema encephalopathy",1,1,1,1,,,"",,,,,,,,,,,,,,,,
"1949691000006116",1,"EMISNQDE73","","1949691000006100","1949691000006116","Dementia support plan (Scot) in place at 12 months",1,1,1,1,1,,"",,,,,,,,,,,,,,,,
"1949711000006118",1,"EMISNQDE75","","1949711000006102","1949711000006118","Dementia support plan (Scot) absent at 12 months",1,1,1,1,,,"",,,,,,,,,,,,,,,,
"1949771000006110",1,"EMISNQDE80","","1949771000006106","1949771000006110","Dementia post diagnostic support (PDS)(Scot)- 5 pillar model",1,1,1,1,,,"",,,,,,,,,,,,,,,,
"1950551000006118",1,"EMISNQDE93","","1950551000006102","1950551000006118","Dementia PDS planning future care - other pillar status",1,1,1,1,,,"",,,,,,,,,,,,,,,,
"1950571000006111",1,"EMISNQDE95","","1950571000006107","1950571000006111","Dementia PDS (Scot) - peer support status",1,1,1,1,,,"",,,,,,,,,,,,,,,,
"1950661000006115",1,"EMISNQDE104","","1950661000006104","1950661000006115","Dementia PDS support community connections -pillar partially met",1,1,1,1,,,"",,,,,,,,,,,,,,,,
"1950711000006114",1,"EMISNQDE109","","1950711000006105","1950711000006114","Dementia PDS (Scot) - planning future decision-making status",1,1,1,1,,,"",,,,,,,,,,,,,,,,
"1971661000006114",1,"EMISICD10|F1373","","1971661000006105","1971661000006114","Mental & behav dis due to seds/hypntcs: resid & late-onset psychot dis, dementia",1,,,,,,"",,,,,,,,,,,,,,,,
"1971701000006118",1,"EMISICD10|F1173","","1971701000006102","1971701000006118","Mental & behav dis due to use opioids: resid & late-onset psychot dis, dementia",1,,,,,,"",,,,,,,,,,,,,,,,
"1972731000006119",1,"EMISICD10|F0121","","1972731000006103","1972731000006119","Subcortical vascular dementia, other symptoms, predominantly delusional",1,1,1,1,1,,"",,,,,,,,,,,,,,,,
"1972911000006111",1,"EMISICD10|F0133","","1972911000006107","1972911000006111","Mixed cortical and subcortical vascular dementia, other symptoms, predominantly depressive",1,1,1,1,1,,"",,,,,,,,,,,,,,,,
"1973171000006112",1,"EMISICD10|F1873","","1973171000006108","1973171000006112","Mental and behav dis due to vol solvents: resid & late-onset psychotic dis, dementia",1,,,,,,"",,,,,,,,,,,,,,,,
"1973711000006116",1,"EMISICD10|F1673","","1973711000006100","1973711000006116","Mental and behav dis due to hallucinogens: resid & late-onset psychot dis, dementia",1,,,,,,"",,,,,,,,,,,,,,,,
"1973941000006119",1,"EMISICD10|F1473","","1973941000006103","1973941000006119","Mental & behav dis due to use cocaine: resid & late-onset psychot dis, dementia",1,,,,,,"",,,,,,,,,,,,,,,,
"1974271000006119",1,"EMISICD10|F1973","","1974271000006103","1974271000006119","Mental and behav dis mlti drg use/oth psych subs: resid/late psychot dis, dementia",1,,,,,,"",,,,,,,,,,,,,,,,
"1974931000006114",1,"EMISICD10|F1773","","1974931000006105","1974931000006114","Mental & behav dis due to tobacco: resid & late-onset psychot dis, dementia",1,,,,,,"",,,,,,,,,,,,,,,,
"1976091000006118",1,"EMISICD10|F1573","","1976091000006102","1976091000006118","Mental and behav dis due to other stimulants inc caffeine: resid/late-onset psycht dis, dementia",1,,,,,,"",,,,,,,,,,,,,,,,
"8009531000006112",1,"^ESCTDE800953","","21921000119103","2987352013","Dementia due to Pick disease",1,1,1,1,,,"Dementia diagnosis",1,1,1,,1,,,,1,,1,,,,,1
"5005421000006117",1,"^ESCTAM500542","","230258005","345075013","Amyotrophic lateral sclerosis with dementia",1,1,,,,,"",,,1,,1,,,,1,1,,,,,1,
"5005521000006118",1,"^ESCTNO500552","","230266001","345084013","Non-familial Alzheimer's disease of early onset",1,1,,,,,"Dementia diagnosis",1,1,1,,,,,1,1,,,,,,,1
"5005691000006117",1,"^ESCTNO500569","","230279005","345098017","Non-Alzheimer's progressive dysphasia",1,1,,,,,"",,,1,,,1,,,,,,,,,,
"5005761000006116",1,"^ESCTPO500576","","230282000","345102013","Post-traumatic brain syndrome",1,1,,,,,"Dementia diagnosis",1,1,1,,1,,,,1,1,,,,,,1
"2912331000006111",1,"^ESCTVA291233","","25772007","43183018","Vascular dementia, with delusions",1,1,,,,,"",,,1,,,,1,,1,,,,,1,1,
"5547271000006115",1,"^ESCTAL554727","","273269001","408553016","Alzheimer's disease assessment scale",1,,,,,,"",,,,,,,,,,,,,,,,
"2502981000006117",1,"^ESCTAL250298","","281004","1558011","Alcohol-induced persisting dementia",1,1,1,1,,1,"Dementia diagnosis",1,1,1,,1,,,,1,1,,,,,,1
"13810191000006114",1,"^ESCT1381019","","312991009","3760331014","SDLT - senile dementia of Lewy body type",1,1,,,,1,"Dementia diagnosis",1,1,1,1,,,,,1,,,1,,,1,1
"3029421000006116",1,"^ESCTIN302942","","32875003","54871018","Inhalant-induced persisting dementia",1,1,,,,,"",,,,,,,,,1,1,,,,,,
"6452391000006116",1,"^ESCTDE645239","","386257007","1480433014","Dementia management",1,,,,,,"",,,,,,,,,,,,,,,,
"542741000006119",1,"F102","F102.00","420146005","2577873013","Cerebral degeneration in lipidoses EC",1,1,1,1,,,"",,,,,,,,,,,,,,,,
"6973461000006110",1,"^ESCTAC697346","","421529006","2622767013","Acquired immune deficiency syndrome dementia complex",1,1,1,1,,,"",,,1,,1,,,,1,1,,,,,,1
"7263021000006116",1,"^ESCTDE726302","","442344002","2951827019","Dementia due to Huntingtons disease",1,1,1,1,,,"Dementia diagnosis",1,1,1,,1,,,,1,1,,,,,,1
"2575741000006113",1,"^ESCTDE257574","","4817008","9024014","Dementia of the Alzheimer's type, with late onset, with delirium",1,1,,,,,"",,,1,,,,,1,1,,,,,,,
"3392901000006118",1,"^ESCTAL339290","","55009008","2951765015","Alzheimers dementia, late onset, with delusions",1,1,,,,,"",,,1,,,,,1,1,,,,,,,
"3414231000006117",1,"^ESCTMI341423","","56267009","497558012","MID - Multi-infarct dementia",1,1,1,1,,1,"Vascular dementia diagnosis",1,1,1,,,,1,,1,,,,,1,1,1
"7511961000006119",1,"^ESCTDE751196","","698725008","2975426013","Dementia associated with neurosyphilis",1,1,,,,,"",,,1,,1,,,,1,1,,,,,,
"7511971000006114",1,"^ESCTDE751197","","698726009","2975179010","Dementia associated with viral encephalitis",1,1,,,,,"",,,1,,1,,,,1,1,,,,,,
"7560411000006117",1,"^ESCTFR756041","","702426001","2995667018","Frontotemporal lobar degeneration",1,1,,,,,"",,,1,,1,,,,1,,1,,,,,
"3653671000006113",1,"^ESCTMU365367","","70936005","117833018","Multi-infarct dementia, uncomplicated",1,1,,,,,"",,,1,,,,1,,1,,,,,1,1,
"7745171000006117",1,"^ESCTPR774517","","716281000","3305386013","Progressive non-fluent aphasia",1,1,,,,,"",,,1,,1,,,,1,,1,,,,,
"7750421000006118",1,"^ESCTRI775042","","716667005","3307152013","Right temporal atrophy variant frontotemporal dementia",1,1,,,,,"",,,1,,1,,,,1,,1,,,,,
"7755131000006117",1,"^ESCTBE775513","","716994006","3308114010","Behavioral variant of frontotemporal dementia",1,1,,,,,"",,,1,,1,,,,1,,1,,,,,
"7834071000006116",1,"^ESCTNO783407","","722600006","3332846016","Non-amnestic Alzheimer disease",1,1,,,,,"",,,1,,,,,1,1,,,,,,,
"7838831000006117",1,"^ESCTDE783883","","722978000","3334072011","Dementia caused by toxin",1,1,,,,,"",,,1,,1,,,,1,1,,,,,,
"7838851000006112",1,"^ESCTDE783885","","722980006","3334076014","Dementia due to chromosomal anomaly",1,1,,,,,"",,,1,,1,,,,1,1,,,,,,
"7955131000006110",1,"^ESCTDE795513","","733192006","3498960013","Dementia due to herpes encephalitis",1,1,,,,,"",,,,,,,,,1,1,,,,,,
"13627771000006114",1,"^ESCT1362777","","783161005","3757897019","ABri amyloidosis",1,1,,,,,"",,,1,,1,,,,1,1,,,,,,
"8024671000006115",1,"^ESCTDE802467","","82371000119101","2984925018","Dementia due to multiple sclerosis with altered behaviour",1,1,,,,,"",,,1,,1,,,,1,1,,,,,,
"8284701000006116",1,"^ESCTBU828470","","844001000000100","2189781000000110","Butterfly Scheme for dementia declined",1,,,,,,"",,,,,,,,,,,,,,,,
"3964651000006112",1,"^ESCTSU396465","","90099008","1235535015","Subcortical arteriosclerotic encephalopathy",1,1,1,1,,,"",,,1,,,,1,,1,,,,,1,1,1
