medcodeid,observations,originalreadcode,cleansedreadcode,snomedctconceptid,snomedctdescriptionid,term,eth5
"158341000000117",20000000,"9i0","9i0..00","92391000000108","158341000000117","British or mixed British - ethnic category 2001 census","0. White"
"1063981000000117",8000000,"9i00","9i00.00","494131000000105","1063981000000117","White British - ethnic category 2001 census","0. White"
"459726019",7000000,"9S10","9S10.00","315236000","459726019","White British","0. White"
"141311000000112",3000000,"9i2","9i2..00","92411000000108","141311000000112","Other White background - ethnic category 2001 census","0. White"
"285925010",2000000,"9S1","9S1..00","185984009","285925010","White","0. White"
"1968051000006116",2000000,"9t00","9t00.00","976631000000101","2484631000000115","White: English or Welsh or Scottish or Northern Irish or British - England and Wales ethnic category 2011 census","0. White"
"157281000000117",800000,"9i20","9i20.00","110761000000106","157281000000117","English - ethnic category 2001 census","0. White"
"459728018",600000,"9S12","9S12.00","185984009","285926011","White - ethnic group","0. White"
"141301000000110",300000,"9i1","9i1..00","92401000000106","141301000000110","Irish - ethnic category 2001 census","0. White"
"937391000006115",300000,"9i2R","9i2R.00","94041000000106","142801000000110","Other White European or European unspecified or Mixed European - ethnic category 2001 census","0. White"
"138201000000110",200000,"9i2F","9i2F.00","88941000000100","138201000000110","Polish - ethnic category 2001 census","0. White"
"937411000006115",200000,"9i2T","9i2T.00","94051000000109","158491000000118","Other White or White unspecified - ethnic category 2001 census","0. White"
"1968081000006112",200000,"9t03","9t03.00","976691000000100","2484751000000118","White: any other White background - England and Wales ethnic category 2011 census","0. White"
"156921000000110",100000,"9i29","9i29.00","110401000000103","156921000000110","Turkish - ethnic category 2001 census","0. White"
"459727011",100000,"9S11","9S11.00","315237009","459727011","White Irish","0. White"
"1064041000000111",90000,"9i10","9i10.00","494161000000100","1064041000000111","White Irish - ethnic category 2001 census","0. White"
"196641000006110",80000,"134B","134B.00","413773004","2537215011","Caucasian race","0. White"
"158481000000115",70000,"9i2B","9i2B.00","93961000000109","158481000000115","Italian - ethnic category 2001 census","0. White"
"937301000006110",60000,"9i2G","9i2G.00","88951000000102","138211000000112","Baltic States (Estonian or Latvian or Lithuanian) - ethnic category 2001 census","0. White"
"285987017",40000,"9SAC","9SAC.00","186017004","285987017","Other European (NMO)","0. White"
"142791000000111",40000,"9i2S","9i2S.00","94031000000102","142791000000111","Other mixed White - ethnic category 2001 census","0. White"
"1780408016",30000,"9S14","9S14.00","401214002","1780408016","Other white British ethnic group","0. White"
"2537217015",30000,"134N","134N.00","413773004","2537217015","Race: White","0. White"
"138191000000113",30000,"9i2E","9i2E.00","88931000000109","138191000000113","Gypsy/Romany - ethnic category 2001 census","0. White"
"138231000000116",30000,"9i2K","9i2K.00","88971000000106","138231000000116","Albanian - ethnic category 2001 census","0. White"
"141431000000111",30000,"9i21","9i21.00","92541000000108","141431000000111","Scottish - ethnic category 2001 census","0. White"
"142701000000116",30000,"9i27","9i27.00","93931000000104","142701000000116","Greek - ethnic category 2001 census","0. White"
"1968121000006114",30000,"9t07","9t07.00","976771000000108","2484911000000115","Mixed multiple ethnic groups: any other Mixed or multiple ethnic background - England and Wales ethnic category 2011 census","0. White"
"141451000000116",20000,"9i24","9i24.00","92561000000109","141451000000116","Northern Irish - ethnic category 2001 census","0. White"
"2484671000000118",20000,"9t01","9t01.00","976651000000108","2484671000000118","White: Irish - England and Wales ethnic category 2011 census","0. White"
"405071018",10000,"9SAB","9SAB.00","270467002","405071018","Turkish/Turkish Cypriot (NMO)","0. White"
"1780407014",10000,"9S13","9S13.00","401213008","1780407014","White Scottish","0. White"
"937311000006113",10000,"9i2H","9i2H.00","88961000000104","138221000000118","Commonwealth of (Russian) Independent States - ethnic category 2001 census","0. White"
"141441000000119",10000,"9i22","9i22.00","92551000000106","141441000000119","Welsh - ethnic category 2001 census","0. White"
"142711000000119",10000,"9i28","9i28.00","93941000000108","142711000000119","Greek Cypriot - ethnic category 2001 census","0. White"
"142721000000113",10000,"9i2A","9i2A.00","93951000000106","142721000000113","Turkish Cypriot - ethnic category 2001 census","0. White"
"250227018",9000,"1346","1346.00","160518001","250227018","Australian origin","0. White"
"138181000000111",8000,"9i2D","9i2D.00","88921000000107","138181000000111","Traveller - ethnic category 2001 census","0. White"
"142741000000118",8000,"9i2J","9i2J.00","93981000000100","142741000000118","Kosovan - ethnic category 2001 census","0. White"
"141461000000118",7000,"9i23","9i23.00","92571000000102","141461000000118","Cornish - ethnic category 2001 census","0. White"
"405070017",6000,"9SAA","9SAA.00","270466006","405070017","Greek/Greek Cypriot (NMO)","0. White"
"1158301000000115",6000,"9T5","9T5..00","29343004","1158301000000115","Bulgarian","0. White"
"2487321000000116",6000,"9t21","9t21.00","977931000000106","2487321000000116","White: other British - Scotland ethnic category 2011 census","0. White"
"285978014",5000,"9SA9","9SA9.00","186014006","285978014","Irish (NMO)","0. White"
"411596013",5000,"9SAB-1","9SAB.11","275601009","411596013","Turkish (NMO)","0. White"
"141661000000115",5000,"9i26","9i26.00","92791000000109","141661000000115","Cypriot (part not stated) - ethnic category 2001 census","0. White"
"142781000000114",5000,"9i2Q","9i2Q.00","94021000000104","142781000000114","Mixed Irish and other White - ethnic category 2001 census","0. White"
"937371000006116",4000,"9i2P","9i2P.00","94011000000105","142771000000112","Other republics which made up the former Yugoslavia - ethnic category 2001 census","0. White"
"138171000000114",3000,"9i2C","9i2C.00","88911000000101","138171000000114","Irish Traveller - ethnic category 2001 census","0. White"
"1968071000006114",3000,"9t02","9t02.00","976671000000104","2484711000000117","White: Gypsy or Irish Traveller - England and Wales ethnic category 2011 census","0. White"
"1160331000000119",2000,"9T6","9T6..00","286009","3314518019","Czech","0. White"
"459786016",2000,"9SI","9SI..00","315283003","459786016","Irish traveller","0. White"
"157991000000110",2000,"9i2N","9i2N.00","88981000000108","157991000000110","Serbian - ethnic category 2001 census","0. White"
"142761000000117",2000,"9i2M","9i2M.00","94001000000108","142761000000117","Croatian - ethnic category 2001 census","0. White"
"411594011",1000,"9SAA-1","9SAA.11","275599007","411594011","Greek (NMO)","0. White"
"411595012",1000,"9SAA-2","9SAA.12","275600005","411595012","Greek Cypriot (NMO)","0. White"
"411597016",1000,"9SAB-2","9SAB.12","275602002","411597016","Turkish Cypriot (NMO)","0. White"
"6846371000006111",1000,"^ESCTCA684637","","413773004","2533842018","Caucasian","0. White"
"142751000000115",1000,"9i2L","9i2L.00","93991000000103","142751000000115","Bosnian - ethnic category 2001 census","0. White"
"2486161000000112",1000,"9t10","9t10.00","977351000000100","2486161000000112","White - Northern Ireland ethnic category 2011 census","0. White"
"2487481000000113",1000,"9t24","9t24.00","978011000000101","2487481000000113","White: Polish - Scotland ethnic category 2011 census","0. White"
"1968461000006111",1000,"9t25","9t25.00","978031000000109","2487521000000113","White: any other White ethnic group - Scotland ethnic category 2011 census","0. White"
"2971841000006112",900,"^ESCTBU297184","","29343004","3314528011","Bulgarian","0. White"
"2615531000000117",500,"9TC5","","718963003","3314530013","Hungarian Roma","0. White"
"2487281000000112",300,"9t20","9t20.00","977911000000103","2487281000000112","White: Scottish - Scotland ethnic category 2011 census","0. White"
"2645811000000115",100,"9TC","","718958002","2678971000000113","Roma ethnic group","0. White"
"142691000000116",100,"9i25","9i25.00","93921000000101","142691000000116","Ulster Scots - ethnic category 2001 census","0. White"
"2615571000000115",80,"9TC2","","718964009","3314534016","Polish Roma","0. White"
"2487361000000112",80,"9t22","9t22.00","977951000000104","2487361000000112","White: Irish - Scotland ethnic category 2011 census","0. White"
"8119741000006115",50,"^ESCTGR811974","","368191000000107","713771000000116","Greek Catholic, follower of religion","0. White"
"2615691000000115",50,"9TC0","","718962008","3314526010","Bulgarian Roma","0. White"
"714141000000111",30,"13z5","13z5.00","368311000000101","714141000000111","Ukrainian Catholic","0. White"
"713761000000111",20,"13yY","13yY.00","368191000000107","713761000000111","Greek Catholic","0. White"
"7779801000006116",20,"^ESCTRO777980","","718958002","3314514017","Roma","0. White"
"2615461000000111",20,"9TC1","","718959005","3314516015","Czech Roma","0. White"
"1968251000006113",20,"9t11","9t11.00","977371000000109","2486201000000116","Irish Traveller - Northern Ireland ethnic category 2011 census","0. White"
"1968441000006112",20,"9t23","9t23.00","977971000000108","2487401000000115","White: Gypsy or Irish Traveller - Scotland ethnic category 2011 census","0. White"
"8119991000006114",10,"^ESCTUK811999","","368311000000101","714151000000114","Ukrainian Catholic, follower of religion","0. White"
"713341000000111",3,"13y6","13y6.00","368051000000100","713341000000111","British Israelite","0. White"
"8119431000006119",3,"^ESCTBR811943","","368051000000100","713351000000114","British Israelite, follower of religion","0. White"
"1564391000006113",1,"EMISNQBR12","","1564391000006109","1564391000006113","British","0. White"
"1564961000006118",1,"EMISNQIR3","","1564961000006102","1564961000006118","Irish","0. White"
"157271000000119",2000000,"9i7","9i7..00","110751000000108","157271000000119","Indian or British Indian - ethnic category 2001 census","1. South Asian"
"141361000000114",1000000,"9i8","9i8..00","92461000000105","141361000000114","Pakistani or British Pakistani - ethnic category 2001 census","1. South Asian"
"141381000000117",900000,"9iA","9iA..00","92481000000101","141381000000117","Other Asian background - ethnic category 2001 census","1. South Asian"
"937541000006115",500000,"9i9","9i9..00","92471000000103","141371000000119","Bangladeshi or British Bangladeshi - ethnic category 2001 census","1. South Asian"
"285954016",400000,"9S6","9S6..00","414481008","2533844017","Indian","1. South Asian"
"285955015",200000,"9S7","9S7..00","186002003","285955015","Pakistani","1. South Asian"
"459784018",100000,"9SH","9SH..00","315281001","459784018","Other Asian ethnic group","1. South Asian"
"1968131000006112",100000,"9t08","9t08.00","976791000000107","2484951000000116","Asian or Asian British: Indian - England and Wales ethnic category 2011 census","1. South Asian"
"136081000000111",90000,"9iA4","9iA4.00","86461000000107","136081000000111","Sri Lankan - ethnic category 2001 census","1. South Asian"
"250224013",80000,"1343","1343.00","160515003","250224013","Asian origin","1. South Asian"
"937651000006117",80000,"9iAA","9iAA.00","92701000000102","141581000000111","Other Asian or Asian unspecified - ethnic category 2001 census","1. South Asian"
"1968141000006119",80000,"9t09","9t09.00","976811000000108","2484991000000112","Asian or Asian British: Pakistani - England and Wales ethnic category 2011 census","1. South Asian"
"285956019",70000,"9S8","9S8..00","186003008","285956019","Bangladeshi","1. South Asian"
"141561000000119",70000,"9iA8","9iA8.00","92681000000104","141561000000119","British Asian - ethnic category 2001 census","1. South Asian"
"1968171000006110",70000,"9t0C","9t0C.00","976871000000103","2485111000000119","Asian or Asian British: any other Asian background - England and Wales ethnic category 2011 census","1. South Asian"
"285977016",40000,"9SA8","9SA8.00","186013000","285977016","Other Asian (NMO)","1. South Asian"
"250228011",30000,"1347","1347.00","160519009","250228011","Indian origin","1. South Asian"
"1968151000006117",20000,"9t0A","9t0A.00","976831000000100","2485031000000111","Asian or Asian British: Bangladeshi - England and Wales ethnic category 2011 census","1. South Asian"
"250231012",10000,"134A","134A.00","160522006","250231012","West Indian origin","1. South Asian"
"286020010",10000,"9T1E","9T1E.00","315280000","459783012","Asian - ethnic group","1. South Asian"
"141511000000116",10000,"9iA9","9iA9.00","92631000000103","141511000000116","Mixed Asian - ethnic category 2001 census","1. South Asian"
"141551000000117",10000,"9iA5","9iA5.00","92671000000101","141551000000117","Tamil - ethnic category 2001 census","1. South Asian"
"285976013",8000,"9SA7","9SA7.00","186012005","285976013","Indian sub-continent (NMO)","1. South Asian"
"141521000000110",8000,"9iA1","9iA1.00","92641000000107","141521000000110","Punjabi - ethnic category 2001 census","1. South Asian"
"141541000000115",8000,"9iA3","9iA3.00","92661000000108","141541000000115","East African Asian - ethnic category 2001 census","1. South Asian"
"196721000006111",4000,"134M","134M.00","186002003","285955015","RACE: Pakistani","1. South Asian"
"781081000006113",4000,"9T1D","9T1D.00","414481008","2533844017","Indian","1. South Asian"
"141571000000114",4000,"9iA7","9iA7.00","92691000000102","141571000000114","Caribbean Asian - ethnic category 2001 census","1. South Asian"
"405069018",3000,"9SA6","9SA6.00","270465005","405069018","E Afric Asian/Indo-Carib (NMO)","1. South Asian"
"1968301000006118",3000,"9t16","9t16.00","977591000000103","2486641000000116","Asian or Asian British: Indian - Northern Ireland ethnic category 2011 census","1. South Asian"
"196631000006117",2000,"134I","134I.00","186003008","285956019","RACE: Bangladeshi","1. South Asian"
"157301000000116",1000,"9iA6","9iA6.00","110781000000102","157301000000116","Sinhalese - ethnic category 2001 census","1. South Asian"
"412016016",1000,"2263-1","2263.11","276029002","412016016","O/E - Asian origin","1. South Asian"
"141531000000112",1000,"9iA2","9iA2.00","92651000000105","141531000000112","Kashmiri - ethnic category 2001 census","1. South Asian"
"1968341000006116",900,"9t1A","9t1A.00","977771000000105","2487001000000110","Asian or Asian British: any other Asian background - Northern Ireland ethnic category 2011 census","1. South Asian"
"1968311000006115",800,"9t17","9t17.00","977711000000100","2486881000000113","Asian or Asian British: Pakistani - Northern Ireland ethnic category 2011 census","1. South Asian"
"1968491000006115",700,"9t28","9t28.00","978111000000100","2487681000000110","Asian or Asian Scottish or Asian British: Indian, Indian Scottish or Indian British - Scotland ethnic category 2011 census","1. South Asian"
"250243013",500,"134K","134K.00","160531006","250243013","Race: West indian","1. South Asian"
"1968481000006118",500,"9t27","9t27.00","978071000000106","2487601000000117","Asian or Asian Scottish or Asian British: Pakistani, Pakistani Scottish or Pakistani British - Scotland ethnic category 2011 census","1. South Asian"
"1968521000006118",500,"9t2B","9t2B.00","978211000000108","2487891000000113","Asian or Asian Scottish or Asian British: any other Asian group - Scotland ethnic category 2011 census","1. South Asian"
"411583012",400,"9SA6-1","9SA6.11","275596000","411583012","East African Asian (NMO)","1. South Asian"
"1968321000006111",400,"9t18","9t18.00","977731000000108","2486921000000119","Asian or Asian British: Bangladeshi - Northern Ireland ethnic category 2011 census","1. South Asian"
"1968501000006111",300,"9t29","9t29.00","978171000000105","2487801000000118","Asian or Asian Scottish or Asian British: Bangladeshi, Bangladeshi Scottish or Bangladeshi British - Scotland ethnic category 2011 census","1. South Asian"
"411584018",80,"9SA6-2","9SA6.12","275597009","411584018","Indo-Caribbean (NMO)","1. South Asian"
"1564291000006119",1,"EMISNQBA5","","1564291000006103","1564291000006119","Bangladeshi","1. South Asian"
"1564921000006112",1,"EMISNQIN16","","1564921000006108","1564921000006112","Indian","1. South Asian"
"1565441000006111",1,"EMISNQPA32","","1565441000006107","1565441000006111","Pakistani","1. South Asian"
"141391000000115",1000000,"9iC","9iC..00","92491000000104","141391000000115","African - ethnic category 2001 census","2. Black"
"154401000000118",500000,"9iB","9iB..00","107691000000105","154401000000118","Caribbean - ethnic category 2001 census","2. Black"
"30683015",500000,"9S3","9S3..00","18167009","30683015","Black African","2. Black"
"514611000006111",200000,"9S2","9S2..00","185988007","285930014","Black Caribbean","2. Black"
"157311000000119",100000,"9iD2","9iD2.00","110791000000100","157311000000119","Black British - ethnic category 2001 census","2. Black"
"158351000000119",100000,"9iD","9iD..00","92501000000105","158351000000119","Other Black background - ethnic category 2001 census","2. Black"
"141591000000113",90000,"9iD0","9iD0.00","92711000000100","141591000000113","Somali - ethnic category 2001 census","2. Black"
"1968181000006113",80000,"9t0D","9t0D.00","976891000000104","2485151000000115","Black or African or Caribbean or Black British: African - England and Wales ethnic category 2011 census","2. Black"
"250223019",50000,"1342","1342.00","160514004","250223019","African origin","2. Black"
"285932018",50000,"9S41","9S41.00","185990008","285932018","Black British","2. Black"
"141601000000119",50000,"9iD1","9iD1.00","92731000000108","141601000000119","Nigerian - ethnic category 2001 census","2. Black"
"459782019",30000,"9SG","9SG..00","315279003","459782019","Other black ethnic group","2. Black"
"937731000006115",30000,"9iD4","9iD4.00","92741000000104","141611000000117","Other Black or Black unspecified - ethnic category 2001 census","2. Black"
"285931013",20000,"9S4","9S4..00","185989004","285931013","Black, other, non-mixed origin","2. Black"
"285951012",20000,"9S5","9S5..00","185998001","285951012","Black - other, mixed","2. Black"
"1968191000006111",20000,"9t0E","9t0E.00","976911000000101","2485191000000111","Black or African or Caribbean or Black British: Caribbean - England and Wales ethnic category 2011 census","2. Black"
"158371000000111",10000,"9iD3","9iD3.00","92721000000106","158371000000111","Mixed Black - ethnic category 2001 census","2. Black"
"1968201000006114",10000,"9t0F","9t0F.00","976931000000109","2485231000000119","Black or African or Caribbean or Black British: other Black or African or Caribbean background - England and Wales ethnic category 2011 census","2. Black"
"196601000006113",8000,"134H","134H.00","413465009","2533840014","Afro-Caribbean","2. Black"
"285943014",4000,"9S44","9S44.00","185993005","285943014","Black - other African country","2. Black"
"285930014",3000,"9S42-1","9S42.11","185988007","285930014","Black Caribbean","2. Black"
"285949013",3000,"9S47","9S47.00","185996002","285949013","Black - other Asian","2. Black"
"285971015",3000,"9SA5","9SA5.00","186010002","285971015","Other African countries (NMO)","2. Black"
"405064011",3000,"9S42","9S42.00","270460000","405064011","Black Caribbean/W.I./Guyana","2. Black"
"405065012",3000,"9S43","9S43.00","270461001","405065012","Black N African/Arab/Iranian","2. Black"
"285950013",2000,"9S48","9S48.00","185989004","285931013","Black Black - other","2. Black"
"459730016",2000,"ESCTBL5","","315240009","459730016","Black - ethnic group","2. Black"
"1968351000006119",1000,"9t1B","9t1B.00","977791000000109","2487041000000113","Black or African or Caribbean or Black British: African - Northern Ireland ethnic category 2011 census","2. Black"
"405067016",900,"9SA3","9SA3.00","270463003","405067016","Caribbean I./W.I./Guyana (NMO)","2. Black"
"514651000006112",800,"9S45","9S45.00","270462008","405066013","Black East African Asian/Indo-Caribbean","2. Black"
"285948017",700,"9S46","9S46.00","185995003","285948017","Black Indian sub-continent","2. Black"
"411573013",600,"9S43-1","9S43.11","275586009","411573013","Black North African","2. Black"
"453109012",600,"9S42-2","9S42.12","309643000","453109012","Black West Indian","2. Black"
"1968531000006115",600,"9t2C","9t2C.00","978231000000100","2487931000000115","African: African, African Scottish or African British - Scotland ethnic category 2011 census","2. Black"
"1968541000006113",500,"9t2D","9t2D.00","978251000000107","2487971000000118","African: any other African - Scotland ethnic category 2011 census","2. Black"
"411574019",400,"9S43-2","9S43.12","275587000","411574019","Black Arab","2. Black"
"1968371000006112",400,"9t1D","9t1D.00","977831000000102","2487121000000119","Black or African or Caribbean or Black British: other Black or African or Caribbean background - Northern Ireland ethnic category 2011 census","2. Black"
"411576017",300,"9S45-1","9S45.11","275589002","411576017","Black East African Asian","2. Black"
"1968561000006112",300,"9t2F","9t2F.00","978341000000102","2488181000000119","Caribbean or Black: Black, Black Scottish or Black British - Scotland ethnic category 2011 census","2. Black"
"1968571000006117",300,"9t2G","9t2G.00","978361000000101","2488221000000112","Caribbean or Black: any other Black or Caribbean group - Scotland ethnic category 2011 census","2. Black"
"411578016",200,"9SA3-1","9SA3.11","275591005","411578016","Caribbean Island (NMO)","2. Black"
"453110019",200,"9S42-3","9S42.13","309644006","453110019","Black Guyana","2. Black"
"1968361000006117",200,"9t1C","9t1C.00","977811000000105","2487081000000117","Black or African or Caribbean or Black British: Caribbean - Northern Ireland ethnic category 2011 census","2. Black"
"1968551000006110",200,"9t2E","9t2E.00","978271000000103","2488011000000113","Caribbean or Black: Caribbean, Caribbean Scottish or Caribbean British - Scotland ethnic category 2011 census","2. Black"
"411575018",100,"9S43-3","9S43.13","275588005","411575018","Black Iranian","2. Black"
"411579012",100,"9SA3-2","9SA3.12","275592003","411579012","West Indian (NMO)","2. Black"
"459731017",100,"ESCTBL5-1","","315240009","459731017","Black","2. Black"
"411577014",90,"9S45-2","9S45.12","275590006","411577014","Black Indo-Caribbean","2. Black"
"411580010",90,"9SA3-3","9SA3.13","275593008","411580010","Guyana (NMO)","2. Black"
"1564491000006115",1,"EMISNQCE3","","1564491000006104","1564491000006115","Central African","2. Black"
"1565711000006118",1,"EMISNQSO9","","1565711000006102","1565711000006118","South African","2. Black"
"4917081000006119",1,"^ESCTCE491708","","223522008","336370018","Central African Republic","2. Black"
"141401000000117",700000,"9iE","9iE..00","92511000000107","141401000000117","Chinese - ethnic category 2001 census","3. Other"
"141411000000115",600000,"9iF","9iF..00","92521000000101","141411000000115","Other - ethnic category 2001 census","3. Other"
"250268010",200000,"1358","1358.00","160545000","250268010","Hindu","3. Other"
"56590016",100000,"9S9","9S9..00","33897005","56590016","Chinese","3. Other"
"459785017",100000,"9SJ","9SJ..00","372148003","1210724015","Ethnic group","3. Other"
"138251000000111",100000,"9iF9","9iF9.00","89001000000105","138251000000111","Arab - ethnic category 2001 census","3. Other"
"142901000000119",100000,"9iFK","9iFK.00","94151000000105","142901000000119","Any other group - ethnic category 2001 census","3. Other"
"490271012",60000,"135B","135B.00","366740002","490271012","Sikh","3. Other"
"1968221000006116",60000,"9t0H","9t0H.00","976971000000106","2485311000000117","Other ethnic group: any other ethnic group - England and Wales ethnic category 2011 census","3. Other"
"285958018",40000,"9SA","9SA..00","186005001","285958018","Other ethnic non-mixed (NMO)","3. Other"
"138261000000114",40000,"9iFD","9iFD.00","89011000000107","138261000000114","Iranian - ethnic category 2001 census","3. Other"
"138271000000119",40000,"9iFH","9iFH.00","89021000000101","138271000000119","South and Central American - ethnic category 2001 census","3. Other"
"141641000000116",40000,"9iF2","9iF2.00","92771000000105","141641000000116","Filipino - ethnic category 2001 census","3. Other"
"937871000006114",40000,"9iFB","9iFB.00","94071000000100","142821000000118","Middle Eastern (excluding Israeli, Iranian and Arab) - ethnic category 2001 census","3. Other"
"138241000000113",30000,"9iF6","9iF6.00","88991000000105","138241000000113","Jewish - ethnic category 2001 census","3. Other"
"142841000000113",30000,"9iFE","9iFE.00","94091000000101","142841000000113","Kurdish - ethnic category 2001 census","3. Other"
"142861000000114",30000,"9iFG","9iFG.00","94111000000106","142861000000114","Latin American - ethnic category 2001 census","3. Other"
"1968161000006115",30000,"9t0B","9t0B.00","976851000000107","2485071000000113","Asian or Asian British: Chinese - England and Wales ethnic category 2011 census","3. Other"
"1745831000006112",20000,"EMISNQNE35","","1745831000006108","1745831000006112","Nepalese","3. Other"
"138281000000117",20000,"9iF7","9iF7.00","89031000000104","138281000000117","Muslim - ethnic category 2001 census","3. Other"
"141621000000111",20000,"9iF0","9iF0.00","92751000000101","141621000000111","Vietnamese - ethnic category 2001 census","3. Other"
"1968211000006112",20000,"9t0G","9t0G.00","976951000000102","2485271000000117","Other ethnic group: Arab - England and Wales ethnic category 2011 census","3. Other"
"250226010",10000,"1345","1345.00","160517006","250226010","South American origin","3. Other"
"285988010",10000,"9SAD","9SAD.00","186005001","285958018","Other ethnic NEC (NMO)","3. Other"
"405068014",10000,"9SA4","9SA4.00","270464009","405068014","N African Arab/Iranian (NMO)","3. Other"
"141631000000113",10000,"9iF1","9iF1.00","92761000000103","141631000000113","Japanese - ethnic category 2001 census","3. Other"
"142811000000112",10000,"9iFA","9iFA.00","94061000000107","142811000000112","North African - ethnic category 2001 census","3. Other"
"157351000000115",8000,"9iF5","9iF5.00","110831000000107","157351000000115","Hindu - ethnic category 2001 census","3. Other"
"250225014",8000,"1344","1344.00","160516002","250225014","North American origin","3. Other"
"550541000006110",7000,"9T1C","9T1C.00","33897005","56590016","Chinese","3. Other"
"141651000000118",7000,"9iF3","9iF3.00","92781000000107","141651000000118","Malaysian - ethnic category 2001 census","3. Other"
"142851000000111",7000,"9iFF","9iFF.00","94101000000109","142851000000111","Moroccan - ethnic category 2001 census","3. Other"
"937941000006111",7000,"9iFJ","9iFJ.00","94121000000100","142871000000119","Multi-ethnic islands: Mauritian or Seychellois or Maldivian or St Helena - ethnic category 2001 census","3. Other"
"4532781000006115",6000,"^ESCTHI453278","","160545000","2667944012","Hindu, follower of religion","3. Other"
"456650013",6000,"9SC","9SC..00","312859007","456650013","Vietnamese","3. Other"
"196651000006112",6000,"134D","134D.00","33897005","56590016","RACE: Chinese","3. Other"
"142891000000115",5000,"9iF8","9iF8.00","94141000000107","142891000000115","Sikh - ethnic category 2001 census","3. Other"
"6296681000006115",4000,"^ESCTSI629668","","366740002","2670552017","Sikh, follower of religion","3. Other"
"285959014",3000,"9SA1","9SA1.00","186006000","285959014","Brit. ethnic minor. spec.(NMO)","3. Other"
"286018012",3000,"9T1B","9T1B.00","186044009","286018012","South East Asian","3. Other"
"411582019",2000,"9SA4-2","9SA4.12","275595001","411582019","Iranian (NMO)","3. Other"
"196671000006119",2000,"134F","134F.00","38361009","63432018","Koreans","3. Other"
"3493721000006113",2000,"^ESCTHI349372","","61154002","101622017","Hinduism","3. Other"
"196621000006115",2000,"134C","134C.00","90027003","149237014","Arabs","3. Other"
"142831000000116",2000,"9iFC","9iFC.00","94081000000103","142831000000116","Israeli - ethnic category 2001 census","3. Other"
"1573191000006117",1000,"EMISNQBR14","","1573191000006101","1573191000006117","Brazilian","3. Other"
"411581014",1000,"9SA4-1","9SA4.11","275594002","411581014","North African Arab (NMO)","3. Other"
"523591000000116",1000,"9T3","9T3..00","296841000000102","523591000000116","Yemeni","3. Other"
"3605071000006112",1000,"^ESCTSI360507","","67929006","112841010","Sikhism","3. Other"
"285960016",900,"9SA2","9SA2.00","186007009","285960016","Brit. ethnic minor. unsp (NMO)","3. Other"
"196661000006114",900,"134E","134E.00","414551003","2533843011","Japanese","3. Other"
"286006015",800,"9T1","9T1..00","186035008","286006015","New Zealand ethnic groups","3. Other"
"142881000000117",600,"9iF4","9iF4.00","94131000000103","142881000000117","Buddhist - ethnic category 2001 census","3. Other"
"501416013",400,"9T19","9T19.00","69865008","501416013","Fijian","3. Other"
"1968391000006113",400,"9t1F","9t1F.00","977871000000100","2487201000000119","Other ethnic group: any other ethnic group - Northern Ireland ethnic category 2011 census","3. Other"
"1968591000006116",400,"9t2J","9t2J.00","978401000000105","2488301000000114","Other ethnic group: any other ethnic group - Scotland ethnic category 2011 census","3. Other"
"286022019",200,"9T1Z","9T1Z.00","186035008","286006015","New Zealand ethnic group NOS","3. Other"
"286017019",200,"9T1A","9T1A.00","372148003","1210724015","Other Pacific ethnic group","3. Other"
"1968331000006114",200,"9t19","9t19.00","977751000000101","2486961000000110","Asian or Asian British: Chinese - Northern Ireland ethnic category 2011 census","3. Other"
"1968381000006110",200,"9t1E","9t1E.00","977851000000109","2487161000000110","Other ethnic group: Arab - Northern Ireland ethnic category 2011 census","3. Other"
"1968581000006119",200,"9t2H","9t2H.00","978381000000105","2488261000000116","Other ethnic group: Arab, Arab Scottish or Arab British - Scotland ethnic category 2011 census","3. Other"
"1968511000006114",90,"9t2A","9t2A.00","978191000000109","2487851000000117","Asian or Asian Scottish or Asian British: Chinese - Scotland ethnic category 2011 census","3. Other"
"6260901000006118",80,"^ESCTET626090","","364699009","487864014","Ethnic group","3. Other"
"4740241000006117",70,"^ESCTBR474024","","186006000","2668697019","British ethnic minority specified (NMO)","3. Other"
"7081421000006118",70,"^ESCTAD708142","","427963008","2691885018","Advaitin Hindu, follower of religion","3. Other"
"2694381019",50,"13zf","13zf.00","427963008","2694381019","Advaitin Hindu","3. Other"
"4740261000006118",40,"^ESCTBR474026","","186007009","2668698012","British ethnic minority unspecified (NMO)","3. Other"
"286021014",40,"9T1Y","9T1Y.00","186035008","286006015","Other New Zealand ethnic group","3. Other"
"2691976017",30,"13z4","13z4.00","428816005","2691976017","Armenian Catholic","3. Other"
"507015012",30,"9T14","9T14.00","86275006","507015012","Samoan","3. Other"
"713491000000110",20,"13yp","13yp.00","368101000000100","713491000000110","Chinese Evangelical Christian","3. Other"
"8119551000006110",20,"^ESCTCH811955","","368101000000100","713501000000116","Chinese Evangelical Christian, follower of religion","3. Other"
"7094121000006112",20,"^ESCTAR709412","","428816005","2696091018","Armenian Catholic, follower of religion","3. Other"
"504723011",20,"9T16","9T16.00","81560001","504723011","Tongan","3. Other"
"2692541014",10,"13zg","13zg.00","428347009","2692541014","Arya Samaj Hindu","3. Other"
"7087141000006111",10,"^ESCTAR708714","","428347009","2692542019","Arya Samaj Hindu, follower of religion","3. Other"
"2692313014",10,"13zb","13zb.00","429511004","2692313014","Vaishnava Hindu","3. Other"
"7104491000006111",4,"^ESCTVA710449","","429511004","2692314015","Vaishnava Hindu, follower of religion","3. Other"
"3605081000006110",1,"^ESCTSI360508","","67929006","500878016","Sikh religion","3. Other"
"141351000000111",300000,"9i6","9i6..00","92451000000107","141351000000111","Other Mixed background - ethnic category 2001 census","4. Mixed"
"141321000000118",200000,"9i3","9i3..00","92421000000102","141321000000118","White and Black Caribbean - ethnic category 2001 census","4. Mixed"
"141331000000116",200000,"9i4","9i4..00","92431000000100","141331000000116","White and Black African - ethnic category 2001 census","4. Mixed"
"141341000000113",200000,"9i5","9i5..00","92441000000109","141341000000113","White and Asian - ethnic category 2001 census","4. Mixed"
"285989019",40000,"9SB","9SB..00","186019001","285989019","Other ethnic, mixed origin","4. Mixed"
"285991010",30000,"9SB2","9SB2.00","186021006","285991010","Other ethnic, Asian/White orig","4. Mixed"
"460153018",30000,"9SB5","9SB5.00","315634007","460153018","Black Caribbean and White","4. Mixed"
"158361000000116",30000,"9i64","9i64.00","92611000000106","158361000000116","Asian and Chinese - ethnic category 2001 census","4. Mixed"
"937511000006119",30000,"9i65","9i65.00","92621000000100","141501000000118","Other Mixed or Mixed unspecified - ethnic category 2001 census","4. Mixed"
"157291000000115",20000,"9i62","9i62.00","110771000000104","157291000000115","Black and White - ethnic category 2001 census","4. Mixed"
"285993013",20000,"9SB4","9SB4.00","186023009","285993013","Other ethnic, other mixed orig","4. Mixed"
"460154012",20000,"9SB6","9SB6.00","315635008","460154012","Black African and White","4. Mixed"
"1968091000006110",20000,"9t04","9t04.00","976711000000103","2484791000000114","Mixed multiple ethnic groups: White and Black Caribbean - England and Wales ethnic category 2011 census","4. Mixed"
"1968101000006116",20000,"9t05","9t05.00","976731000000106","2484831000000119","Mixed multiple ethnic groups: White and Black African - England and Wales ethnic category 2011 census","4. Mixed"
"1968111000006118",20000,"9t06","9t06.00","976751000000104","2484871000000117","Mixed multiple ethnic groups: White and Asian - England and Wales ethnic category 2011 census","4. Mixed"
"141491000000112",10000,"9i63","9i63.00","92601000000109","141491000000112","Chinese and White - ethnic category 2001 census","4. Mixed"
"285952017",8000,"9S51","9S51.00","185999009","285952017","Other Black - Black/White orig","4. Mixed"
"141471000000113",7000,"9i60","9i60.00","92581000000100","141471000000113","Black and Asian - ethnic category 2001 census","4. Mixed"
"285992015",5000,"9SB3","9SB3.00","186022004","285992015","Other ethnic, mixed white orig","4. Mixed"
"285990011",4000,"9SB1","9SB1.00","186020007","285990011","Other ethnic, Black/White orig","4. Mixed"
"285953010",3000,"9S52","9S52.00","186000006","285953010","Other Black - Black/Asian orig","4. Mixed"
"459729014",1000,"ESCTMI5","","315239007","459729014","Mixed ethnic census group","4. Mixed"
"4740361000006111",800,"^ESCTOT474036","","186021006","2764123018","Other ethnic, Asian/White origin","4. Mixed"
"141481000000110",800,"9i61","9i61.00","92591000000103","141481000000110","Black and Chinese - ethnic category 2001 census","4. Mixed"
"1968281000006117",800,"9t14","9t14.00","977431000000100","2486321000000118","Mixed multiple ethnic groups: White and Asian - Northern Ireland ethnic category 2011 census","4. Mixed"
"1968261000006110",700,"9t12","9t12.00","977391000000108","2486241000000118","Mixed multiple ethnic groups: White and Black Caribbean - Northern Ireland ethnic category 2011 census","4. Mixed"
"4740401000006118",500,"^ESCTOT474040","","186023009","2668813019","Other ethnic, other mixed origin","4. Mixed"
"1968271000006115",500,"9t13","9t13.00","977411000000108","2486281000000114","Mixed multiple ethnic groups: White and Black African - Northern Ireland ethnic category 2011 census","4. Mixed"
"4740381000006118",300,"^ESCTOT474038","","186022004","2668812012","Other ethnic, mixed white origin","4. Mixed"
"1968291000006119",300,"9t15","9t15.00","977551000000106","2486561000000119","Mixed multiple ethnic groups: any other Mixed or multiple ethnic background - Northern Ireland ethnic category 2011 census","4. Mixed"
"196611000006111",200,"134L","134L.00","413466005","2533841013","Afro-Caucasian","4. Mixed"
"4740341000006112",100,"^ESCTOT474034","","186020007","2763938013","Other ethnic, Black/White origin","4. Mixed"
"1968471000006116",100,"9t26","9t26.00","978051000000102","2487561000000117","Mixed or multiple ethnic groups: any Mixed or multiple ethnic group - Scotland ethnic category 2011 census","4. Mixed"
"141421000000114",2000000,"9iG","9iG..00","92531000000104","141421000000114","Ethnic category not stated - 2001 census","5. Not Stated"
"286005016",900000,"9T","9T...00","186034007","286005016","Ethnicity and other related nationality data","5. Not Stated"
"141291000000111",500000,"9i","9i...00","92381000000106","141291000000111","Ethnic category - 2001 census","5. Not Stated"
"456652017",300000,"9SE","9SE..00","312861003","456652017","Ethnic group not recorded","5. Not Stated"
"456651012",300000,"9SD","9SD..00","763726001","3643639011","Refusal by patient to provide information about ethnic group","5. Not Stated"
"649261000006110",200000,"9S","9S...00","397731000","1777341010","Ethnic group finding","5. Not Stated"
"253627011",100000,"226","226..00","162730000","253627011","O/E - ethnic group","5. Not Stated"
"286003011",70000,"9SZ","9SZ..00","397731000","1777341010","Ethnic groups (census) NOS","5. Not Stated"
"2484511000000112",30000,"9t0","9t0..00","976571000000100","2484511000000112","Ethnic category - 2011 census England and Wales","5. Not Stated"
"4740421000006111",20000,"^ESCTET474042","","186034007","286004017","Ethnicity / related nationality data","5. Not Stated"
"253628018",10000,"226-1","226..11","162730000","253628018","O/E - ethnic origin","5. Not Stated"
"8224821000006111",10000,"^ESCTET822482","","723621000000103","1582261000000111","Ethnicity","5. Not Stated"
"2484471000000115",4000,"9t","9t...00","976551000000109","2484471000000115","Ethnic category - 2011 census","5. Not Stated"
"253635014",3000,"226Z","226Z.00","162730000","253627011","O/E - ethnic group NOS","5. Not Stated"
"6270401000006117",3000,"^ESCTET627040","","365456003","488665010","Ethnicity / related nationality data - finding","5. Not Stated"
"2484551000000111",600,"9t1","9t1..00","976591000000101","2484551000000111","Ethnic category - 2011 census Northern Ireland","5. Not Stated"
"6270381000006117",500,"^ESCTET627038","","365455004","2670706014","Ethnic groups (1991 census) (UK)","5. Not Stated"
"6591901000006115",200,"^ESCTET659190","","397731000","1785938019","Ethnicity","5. Not Stated"
"2484591000000115",20,"9t2","9t2..00","976611000000109","2484591000000115","Ethnic category - 2011 census Scotland","5. Not Stated"
"6270391000006119",1,"^ESCTET627039","","365455004","2982933016","Ethnic groups (1991 census) (United Kingdom)","5. Not Stated"
