medcodeid,observations,originalreadcode,cleansedreadcode,snomedctconceptid,snomedctdescriptionid,term,hba1c,target,hba1c_tests,hba1c_tests_value,refset_dccthba1c,hba1c_value,refset_ifcchbamd,refset_ifcchbam
"129761000000114",9000000,"44TB","44TB.00","1003671000000109","2560611000000113","Haemoglobin A1c level",1,,1,,,,,
"2397611000000111",30000,"44TB1","44TB100","1010941000000103","2582421000000115","Haemoglobin A1c (monitoring ranges)",1,,,,,,,
"2397571000000119",1000000,"44TB0","44TB000","1010951000000100","2557081000000116","Haemoglobin A1c (diagnostic reference range)",1,,,,,,,
"457954013",20000000,"42W4","42W4.00","1019431000000105","2566161000000115","HbA1c level (Diabetes Control and Complications Trial aligned)",1,,,,1,1,,
"1986181000006111",500000,"42W50","","1049301000000100","2643101000000114","HbA1c (haemoglobin A1c) level (diagnostic reference range) - IFCC (International Federation of Clinical Chemistry and Laboratory Medicine) standardised",1,,,,,1,,1
"1986191000006114",200000,"42W51","","1049321000000109","2643141000000112","HbA1c (haemoglobin A1c) level (monitoring ranges) - IFCC (International Federation of Clinical Chemistry and Laboratory Medicine) standardised",1,,,,,1,,1
"109871000006113",2000000,"EMISREQ|42W..","42W..00","109871000006109","109871000006113","Test request : Haemoglobin A1c",1,,,,,,,
"12622041000006111",4,"^ESCT1262204","","1107481000000106","2773291000000116","HbA1c (haemoglobin A1c) molar concentration in blood",1,,,,,1,,
"257619018",100000,"42W1","42W1.00","165679005","257619018","Hb. A1C < 7% - good control",1,,,,,,,
"817471000006110",30000,"42c0","42c0.00","165679005","2770693019","Haemoglobin A1c less than 7% indicating good diabetic control",1,,,,,,,
"14500411000006110",200,"^ESCT1450041","","165679005","4578225017","Haemoglobin A1c less than 7 percent indicating good diabetic control",1,,,,,,,
"257620012",200000,"42W2","42W2.00","165680008","257620012","Hb. A1C 7-10% - borderline",1,,,,,,,
"817491000006111",40000,"42c1","42c1.00","165680008","2768430011","Haemoglobin A1c between 7%-10% indicating borderline diabetic control",1,,,,,,,
"14500421000006119",300,"^ESCT1450042","","165680008","4578415013","Haemoglobin A1c between 7 percent to 10 percent indicating borderline diabetic control",1,,,,,,,
"257621011",60000,"42W3","42W3.00","165681007","257621011","Hb. A1C > 10% - bad control",1,,,,,,,
"817481000006113",10000,"42c2","42c2.00","165681007","2767754019","Haemoglobin A1c greater than 10% indicating poor diabetic control",1,,,,,,,
"14500431000006116",80,"^ESCT1450043","","165681007","4578059010","Haemoglobin A1c greater than 10 percent indicating poor diabetic control",1,,,,,,,
"1927791000006119",40000,"EMISNQRA16","","1927791000006103","1927791000006119","Raised HbA1c level",1,,,,,,,
"404444016",3000000,"42W","42W..00","269823000","1206383011","Haemoglobin A1C - diabetic control interpretation",1,,,,,,,
"804121000006112",300000,"42W-1","42W..11","269823000","1206383011","Glycosylated Hb",1,,,,,,,
"803891000006119",90000,"42W-2","42W..12","269823000","1206383011","Glycated haemoglobin",1,,,,,,,
"257623014",100000,"42WZ","42WZ.00","269823000","404444016","Hb. A1C - diabetic control",1,,,,,,,
"6036711000006118",700,"^ESCTHB603671","","313835008","457954013","HbA1c level (DCCT aligned)",1,,1,,,,,
"6036701000006116",40,"^ESCTHB603670","","313835008","457955014","HbA1c measurement (DCCT aligned)",1,,1,,,,,
"453910015",100000,"42c","42c..00","365845005","1206639010","Haemoglobin A1C - diabetic control finding",1,,1,,,,,
"14368911000006117",2,"^ESCT1436891","","371981000000106","1826141000000114","Haemoglobin A1c measurement - International Federation of Clinical Chemistry and Laboratory Medicine standardised",1,,1,,,,,
"8121171000006116",60,"^ESCTHB812117","","371981000000106","730981000000118","Hb A1c (Haemoglobin A1c) measurement - IFCC (International Federation of Clinical Chemistry and Laboratory Medicine) standardised",1,,1,,,,,
"8121181000006118",400,"^ESCTHB812118","","371981000000106","732081000000118","Hb A1c (Haemoglobin A1c) level - IFCC (International Federation of Clinical Chemistry and Laboratory Medicine) standardised",1,,1,,,,,
"2160141012",100000,"66Ae","66Ae.00","408591000","1739591000000117","HBA1c target",1,1,,,,,,
"6764261000006113",70000,"^ESCTHB676426","","408591000","2160141012","HBA1c target",1,1,,,,,,
"6764271000006118",200,"^ESCTTA676427","","408591000","2163995019","Target HbA1c level",1,1,,,,,,
"6764281000006115",1,"^ESCTHA676428","","408591000","2621920018","Haemoglobin A1c (HBA1c) target",1,1,,,,,,
"6764291000006117",1,"^ESCTHE676429","","408591000","2621921019","Hemoglobin A1c (HBA1c) target",1,1,,,,,,
"3199181000006110",100,"^ESCTHB319918","","43396009","493589010","HbA1c - Haemoglobin A1c level",1,,1,,,,,
"3199191000006113",1000,"^ESCTHB319919","","43396009","493590018","HbA1c - Hemoglobin A1c level",1,,1,,,,,
"3199161000006117",8000,"^ESCTHA319916","","43396009","72395012","Haemoglobin A1c measurement",1,,1,,,,,
"7285141000006111",40,"^ESCTHB728514","","443911005","2840603015","HBA1c (Haemoglobin A1c) level",1,,,,,1,,
"7285151000006113",90,"^ESCTHB728515","","443911005","2840604014","HBA1c (Hemoglobin A1c) level",1,,,,,1,,
"7297311000006119",1,"^ESCTHI729731","","444751005","2870875017","High haemoglobin A1c level",1,,,,,,,
"7318701000006114",3,"^ESCTHB731870","","446074002","1725281000000115","HbA1c (haemoglobin A1c) target - IFCC (International Federation of Clinical Chemistry and Laboratory Medicine) standardised",1,1,,,,,,
"1753211000006115",400000,"66Ae0","66Ae000","446074002","1725291000000118","HbA1c (haemoglobin A1c) target level - IFCC (International Federation of Clinical Chemistry and Laboratory Medicine) standardised",1,1,,,,,,
"7318691000006114",1,"^ESCTHE731869","","446074002","2883676014","Hemoglobin A1c target value using International Federation of Clinical Chemistry and Laboratory Medicine standardized method",1,1,,,,,,
"7318681000006111",9000,"^ESCTHA731868","","446074002","2883677017","Haemoglobin A1c target value using International Federation of Clinical Chemistry and Laboratory Medicine standardised method",1,1,,,,,,
"7960871000006115",2,"^ESCTGL796087","","733829007","3474722012","Glycated hemoglobin",1,,,,,,,
"7960861000006110",60,"^ESCTGL796086","","733829007","3474723019","Glycated haemoglobin",1,,,,,,,
"7960881000006117",1,"^ESCTGL796088","","733829007","3474724013","Glycated Hb",1,,,,,,,
"7960891000006119",30,"^ESCTGL796089","","733830002","3474735015","Glycated haemoglobin-A1c",1,,,,,,,
"7960911000006117",20,"^ESCTHB796091","","733830002","3474736019","HbA1c - Glycated hemoglobin-A1c",1,,,,,,,
"7960921000006113",4,"^ESCTHB796092","","733830002","3474737011","HbA1c - Glycated haemoglobin-A1c",1,,,,,,,
"1700711000006113",50000000,"42W5","42W5.00","999791000000106","2572901000000113","Haemoglobin A1c level - International Federation of Clinical Chemistry and Laboratory Medicine standardised",1,,1,1,,1,1,1
