medcodeid,observations,originalreadcode,cleansedreadcode,snomedctconceptid,snomedctdescriptionid,term,cv_surgery,cvsurgery_type
"2664231000006114",1,"^ESCTCO266423","","10326007","17985016","Coronary artery bypass with autogenous graft, three grafts",1,"Coronary artery surgery"
"453269016",1000,"ZV45L","ZV45L00","105501005","169590017","[V]Status following coronary angioplasty NOS",1,"Coronary artery surgery"
"8440271000006117",4,"^ESCTPC844027","","1067211000000108","2680521000000110","PCI (percutaneous coronary intervention) record",1,"Coronary artery surgery"
"9353781000006114",4,"^ESCTCO935378","","11018701000119109","3078321014","Coronary arteriosclerosis after percutaneous coronary angioplasty",1,"Coronary artery surgery"
"2676621000006111",9,"^ESCTPE267662","","11101003","1219584012","Percutaneous transluminal coronary balloon angioplasty",1,"Coronary artery surgery"
"2676631000006114",40,"^ESCTPT267663","","11101003","1219585013","PTCA - Percutaneous transluminal coronary angioplasty",1,"Coronary artery surgery"
"2676641000006116",9,"^ESCTPE267664","","11101003","1219586014","Percutaneous angioplasty of coronary artery",1,"Coronary artery surgery"
"89711000006118",100000,"7928","7928.00","11101003","19234014","Percutaneous transluminal coronary angioplasty",1,"Coronary artery surgery"
"238821000006111",20000,"7928-1","7928.11","11101003","19234014","Percutaneous balloon coronary angioplasty",1,"Coronary artery surgery"
"89731000006112",2000,"7928y","7928y00","11101003","19234014","Transluminal balloon angioplasty of coronary artery OS",1,"Coronary artery surgery"
"271148018",7000,"7928z","7928z00","11101003","19234014","Transluminal balloon angioplasty of coronary artery NOS",1,"Coronary artery surgery"
"2676611000006115",2,"^ESCTBA267661","","11101003","357438017","Balloon angioplasty of coronary artery",1,"Coronary artery surgery"
"865291000006117",7000,"7928-99","7928.99","11101003","865291000006117","Coronary Angioplasty",1,"Coronary artery surgery"
"14453321000006115",3,"^ESCT1445332","","1155686006","4569567017","Coronary artery bypass grafting using free right internal thoracic artery graft from left internal thoracic artery to intermediate artery",1,"Coronary artery surgery"
"14466301000006111",2,"^ESCT1446630","","1156983007","4576926016","Coronary artery bypass grafting using free right internal thoracic artery graft from left internal thoracic artery to diagonal branch of anterior descending branch of left coronary artery",1,"Coronary artery surgery"
"394341010",300,"7A4A","7A4A.00","118805000","183489012","Other open operations on femoral artery or popliteal artery",1,"Surgery for PVD"
"410981011",70,"7A4A-1","7A4A.11","118805000","183489012","Other open operations on common femoral artery",1,"Surgery for PVD"
"410980012",2,"7A4A-2","7A4A.12","118805000","183489012","Other open operations on deep femoral artery",1,"Surgery for PVD"
"410979014",200,"7A4A-3","7A4A.13","118805000","183489012","Other open operations on popliteal artery",1,"Surgery for PVD"
"410978018",100,"7A4A-4","7A4A.14","118805000","183489012","Other open operations on superficial femoral artery",1,"Surgery for PVD"
"272038019",500,"7A4A6","7A4A600","118805000","183489012","Operation on popliteal artery NEC",1,"Surgery for PVD"
"24571000006113",200,"7A4Ay","7A4Ay00","118805000","183489012","Other open operation on femoral or popliteal artery OS",1,"Surgery for PVD"
"24561000006118",80,"7A4Az","7A4Az00","118805000","183489012","Other open operation on femoral or popliteal artery NOS",1,"Surgery for PVD"
"4317901000006119",20,"^ESCTIN431790","","119564002","184013019","Internal mammary-coronary artery bypass graft",1,"Coronary artery surgery"
"4317911000006116",10,"^ESCTCO431791","","119565001","184014013","Coronary artery bypass graft, anastomosis of artery of thorax to coronary artery",1,"Coronary artery surgery"
"8041051000006118",20,"^ESCTHI804105","","130541000119100","3447385012","History of placement of stent in coronary artery bypass graft",1,"Prevalent only"
"1221061012",20000,"79275","7927500","14201006","1221061012","Open angioplasty of coronary artery",1,"Coronary artery surgery"
"2724981000006116",200,"^ESCTCO272498","","14201006","24164010","Coronary angioplasty by open chest approach",1,"Coronary artery surgery"
"865281000006115",1000,"79275-99","7927599","14201006","865281000006115","Angioplasty of coronary artery",1,"Coronary artery surgery"
"460331011",100,"ZV151","ZV15100","15081000119105","2983504018","History of major cardiovascular surgery",1,"Prevalent only"
"14179491000006111",2,"^ESCT1417949","","15960341000119104","3991458017","Unstable angina due to arteriosclerosis of coronary artery bypass graft of transplanted heart",1,"Coronary artery surgery"
"12125951000006116",1,"^ESCT1212595","","15960581000119102","3645095017","Arteriosclerosis of autologous vein coronary artery bypass graft with angina",1,"Coronary artery surgery"
"12125971000006114",2,"^ESCT1212597","","15960661000119107","3645129018","Unstable angina co-occurrent and due to arteriosclerosis of coronary artery bypass graft",1,"Coronary artery surgery"
"809111000006117",6000,"14N6","14N6.00","161625008","251864013","H/O cardiac surgery",1,"Prevalent only"
"2762941000006113",7,"^ESCTEN276294","","16589005","2535821017","Endarterectomy of femoral artery",1,"Surgery for PVD"
"272013012",20000,"7A492","7A49200","16589005","28064017","Femoral endarterectomy",1,"Surgery for PVD"
"2771011000006114",6,"^ESCTAO277101","","17073005","28888019","Aortocoronary artery bypass graft with vein graft",1,"Coronary artery surgery"
"14056221000006114",1,"^ESCT1405622","","17073005","3971185013","CAVG - coronary artery vein graft",1,"Coronary artery surgery"
"14056231000006112",2,"^ESCT1405623","","17073005","3971186014","CVG - coronary vein graft",1,"Coronary artery surgery"
"1746621000006118",90,"7A204-98","7A20498","1746621000006102","1746621000006118","Carotid endarterectomy",1,"Carotid surgery"
"238561000006119",500,"79282","7928200","175066001","271142017","Percutaneous transluminal balloon angioplasty of bypass graft of coronary artery",1,"Coronary artery surgery"
"271507010",80,"7A190","7A19000","175346001","271507010","Endarterectomy of aorta and patch repair of aorta",1,"Coronary artery surgery"
"271517017",900,"7A1A0","7A1A000","175354004","271517017","Percutaneous transluminal balloon angioplasty of aorta",1,"Coronary artery surgery"
"271679015",30,"7A2z","7A2z.00","175362007","1489749016","Carotid and/or cerebral and/or subclavian artery operations",1,"Carotid surgery"
"271537018",80,"7A21","7A21.00","175362007","271527011","Other open operations on carotid artery",1,"Carotid surgery"
"271543016",20,"7A21y","7A21y00","175362007","271527011","Other specified other open operation on carotid artery",1,"Carotid surgery"
"271544010",20,"7A21z","7A21z00","175362007","271527011","Other open operation on carotid artery NOS",1,"Carotid surgery"
"641561000006113",2000,"7A203","7A20300","175367001","271532012","Endarterectomy of carotid artery and patch repair of carotid artery",1,"Carotid surgery"
"271533019",6000,"7A203-1","7A20311","175367001","271533019","Carotid endarterectomy and patch",1,"Carotid surgery"
"271542014",1000,"7A214","7A21400","175376008","271542014","Operation on aneurysm of carotid artery",1,"Carotid surgery"
"271545011",50,"7A22","7A22.00","175379001","271545011","Transluminal operations on carotid artery",1,"Carotid surgery"
"271550017",20,"7A22y","7A22y00","175379001","271545011","Other specified transluminal operation on carotid artery",1,"Carotid surgery"
"271551018",20,"7A22z","7A22z00","175379001","271545011","Transluminal operation on carotid artery NOS",1,"Carotid surgery"
"271546012",2000,"7A220","7A22000","175380003","271546012","Percutaneous transluminal angioplasty of carotid artery",1,"Carotid surgery"
"271900018",20000,"7A440","7A44000","175612005","271900018","Percutaneous transluminal angioplasty of iliac artery",1,"Surgery for PVD"
"641681000006116",3000,"7A490","7A49000","175689005","272011014","Endarterectomy of femoral artery and patch repair of femoral artery",1,"Surgery for PVD"
"641701000006118",100,"7A491","7A49100","175690001","272012019","Endarterectomy of popliteal artery and patch repair of popliteal artery",1,"Surgery for PVD"
"272052017",40000,"7A4B0","7A4B000","175715003","272052017","Percutaneous transluminal angioplasty of femoral artery",1,"Surgery for PVD"
"931881000006115",200,"7A4B0-99","7A4B099","175715003","931881000006115","Angioplasty of femoral artery",1,"Surgery for PVD"
"239491000006117",10000,"7A4B1","7A4B100","175716002","272053010","Percutaneous angioplasty of popliteal artery",1,"Surgery for PVD"
"272117011",300,"7A545","7A54500","175764006","272117011","Rotary blade angioplasty",1,"Coronary artery surgery"
"3511945019",1,"^ESCT1170459","","17581000087101","3511945019","Fluoroscopic angioplasty of right iliac artery and insertion of stent",1,"Surgery for PVD"
"3512217018",2,"^ESCT1170465","","17751000087102","3512217018","Fluoroscopic angioplasty of bilateral iliac arteries and insertion of bilateral iliac artery stents",1,"Surgery for PVD"
"3525455018",2,"^ESCT1170476","","19711000087108","3525455018","Angioplasty of right tibial artery using fluoroscopic guidance",1,"Surgery for PVD"
"271162013",1000,"792B0","792B000","20738002","34888017","Endarterectomy of coronary artery",1,"Coronary artery surgery"
"271080018",2000,"7921","7921.00","232717009","348640013","Other autograft replacement of coronary artery",1,"Coronary artery surgery"
"1221554018",800,"7921-1","7921.11","232717009","348640013","Other autograft bypass of coronary artery",1,"Coronary artery surgery"
"36861000006113",10,"7921y","7921y00","232717009","348640013","Other autograft replacement of coronary artery OS",1,"Coronary artery surgery"
"271086012",40,"7921z","7921z00","232717009","348640013","Other autograft replacement of coronary artery NOS",1,"Coronary artery surgery"
"271135017",4,"7926z","7926z00","232717009","348640013","Connection of other thoracic artery to coronary artery NOS",1,"Coronary artery surgery"
"271165010",60,"792C","792C.00","232717009","348640013","Other replacement of coronary artery",1,"Coronary artery surgery"
"271167019",40,"792Cy","792Cy00","232717009","348640013","Other specified replacement of coronary artery",1,"Coronary artery surgery"
"271168012",100,"792Cz","792Cz00","232717009","348640013","Replacement of coronary artery NOS",1,"Coronary artery surgery"
"271169016",40000,"792D","792D.00","232717009","348640013","Coronary artery bypass graft",1,"Coronary artery surgery"
"271170015",700,"792Dy","792Dy00","232717009","348640013","Other specified other bypass of coronary artery",1,"Coronary artery surgery"
"271171016",5000,"792Dz","792Dz00","232717009","348640013","Other bypass of coronary artery NOS",1,"Coronary artery surgery"
"5040091000006112",80,"^ESCTCA504009","","232717009","348641012","CABG - Coronary artery bypass graft",1,"Coronary artery surgery"
"5040101000006118",4,"^ESCTCB504010","","232717009","348642017","CBG - Coronary bypass graft",1,"Coronary artery surgery"
"5040111000006115",90,"^ESCTCO504011","","232717009","348643010","Coronary artery bypass grafting",1,"Coronary artery surgery"
"348644016",400000,"792-1","792..11","232717009","348644016","Coronary artery bypass graft operations",1,"Coronary artery surgery"
"271081019",200,"79210","7921000","232719007","348647011","Autograft replacement of one coronary artery NEC",1,"Coronary artery surgery"
"405092018",100,"79253","7925300","232719007","348647011","Single anastomosis of mammary artery to coronary artery NEC",1,"Coronary artery surgery"
"271132019",7,"79262","7926200","232719007","348647011","Single anastomosis of thoracic artery to coronary artery NEC",1,"Coronary artery surgery"
"142431000006114",6,"79263","7926300","232719007","348647011","Single implantation thoracic artery into coronary artery NEC",1,"Coronary artery surgery"
"5040141000006116",60,"^ESCTCO504014","","232719007","348647011","Coronary artery bypass graft x 1",1,"Coronary artery surgery"
"5040151000006119",8,"^ESCTCA504015","","232719007","348648018","CABG x 1 - Coronary artery bypass graft x 1",1,"Coronary artery surgery"
"271082014",300,"79211","7921100","232720001","348649014","Autograft replacement of two coronary arteries NEC",1,"Coronary artery surgery"
"627951000006112",4,"79260","7926000","232720001","348649014","Double anastom thoracic arteries to coronary arteries NEC",1,"Coronary artery surgery"
"628031000006115",6,"79261","7926100","232720001","348649014","Double implant thoracic arteries into coronary arteries NEC",1,"Coronary artery surgery"
"5040171000006112",30,"^ESCTCA504017","","232720001","348649014","CABG x 2 - Coronary artery bypass grafts x 2",1,"Coronary artery surgery"
"5040161000006117",1000,"^ESCTCO504016","","232720001","348650014","Coronary artery bypass grafts x 2",1,"Coronary artery surgery"
"271083016",1000,"79212","7921200","232721002","348651013","Autograft replacement of three coronary arteries NEC",1,"Coronary artery surgery"
"5040181000006110",3000,"^ESCTCO504018","","232721002","348651013","Coronary artery bypass grafts x 3",1,"Coronary artery surgery"
"5040191000006113",3,"^ESCTTR504019","","232721002","348652018","Triple coronary bypass",1,"Coronary artery surgery"
"5040201000006111",70,"^ESCTCA504020","","232721002","348653011","CABG x 3 - Coronary artery bypass grafts x 3",1,"Coronary artery surgery"
"271084010",500,"79213","7921300","232722009","348654017","Autograft replacement of four of more coronary arteries NEC",1,"Coronary artery surgery"
"5040221000006118",40,"^ESCTCA504022","","232722009","348654017","CABG x 4 - Coronary artery bypass grafts x 4",1,"Coronary artery surgery"
"5040211000006114",1000,"^ESCTCO504021","","232722009","348655016","Coronary artery bypass grafts x 4",1,"Coronary artery surgery"
"5040231000006115",30,"^ESCTCO504023","","232723004","348656015","Coronary artery bypass grafts x 5",1,"Coronary artery surgery"
"5040241000006113",10,"^ESCTCA504024","","232723004","348657012","CABG x 5 - Coronary artery bypass grafts x 5",1,"Coronary artery surgery"
"5040251000006110",4,"^ESCTCO504025","","232724005","348659010","Coronary artery bypass grafts greater than 5",1,"Coronary artery surgery"
"5040281000006119",20,"^ESCTPE504028","","232726007","348663015","Percutaneous endarterectomy of coronary artery",1,"Coronary artery surgery"
"354901000000117",100,"79296","7929600","232726007","354901000000117","Percutaneous transluminal atherectomy of coronary artery",1,"Coronary artery surgery"
"5040381000006112",1,"^ESCTOP504038","","232735000","348676014","Operation for coronary artery fistula",1,"Coronary artery surgery"
"5046031000006111",5,"^ESCTMA504603","","233114002","349259014","MAPCA - Major aortopulmonary collateral artery operation",1,"Coronary artery surgery"
"271518010",500,"7A1A1","7A1A100","233263005","349482013","Percutaneous transluminal angioplasty of aorta NEC",1,"Coronary artery surgery"
"5048001000006119",4,"^ESCTAN504800","","233263005","349483015","Angioplasty of aorta",1,"Coronary artery surgery"
"5048261000006114",70,"^ESCTAN504826","","233275000","349509016","Angioplasty of common iliac artery",1,"Surgery for PVD"
"5048271000006119",1,"^ESCTCI504827","","233275000","349510014","CIA - Balloon angioplasty of the common iliac artery",1,"Surgery for PVD"
"5048281000006116",4,"^ESCTPE504828","","233276004","349511013","Percutaneous balloon angioplasty of common iliac artery",1,"Surgery for PVD"
"5048311000006119",20,"^ESCTAN504831","","233277008","349515016","Angioplasty of internal iliac artery",1,"Surgery for PVD"
"5048361000006116",1,"^ESCTEI504836","","233279006","349518019","EIA - Balloon angioplasty of the external iliac artery",1,"Surgery for PVD"
"5048371000006111",1,"^ESCTBA504837","","233279006","349519010","Balloon angioplasty of the external iliac artery",1,"Surgery for PVD"
"5048351000006118",40,"^ESCTAN504835","","233279006","349520016","Angioplasty of external iliac artery",1,"Surgery for PVD"
"5048381000006114",3,"^ESCTPE504838","","233280009","349521017","Percutaneous balloon angioplasty of external iliac artery",1,"Surgery for PVD"
"5048421000006116",2,"^ESCTBA504842","","233281008","349524013","Balloon angioplasty of the common femoral artery",1,"Surgery for PVD"
"5048411000006112",6,"^ESCTAN504841","","233281008","349526010","Angioplasty of common femoral artery",1,"Surgery for PVD"
"5048441000006111",5,"^ESCTPE504844","","233282001","349527018","Percutaneous balloon angioplasty of common femoral artery",1,"Surgery for PVD"
"5048481000006117",10,"^ESCTBA504848","","233283006","349530013","Balloon angioplasty of the superficial femoral artery",1,"Surgery for PVD"
"5048491000006119",20,"^ESCTSF504849","","233283006","349531012","SFA - Balloon angioplasty of superficial femoral artery",1,"Surgery for PVD"
"5048471000006115",200,"^ESCTAN504847","","233283006","349532017","Angioplasty of superficial femoral artery",1,"Surgery for PVD"
"5048501000006110",10,"^ESCTPE504850","","233284000","349533010","Percutaneous balloon angioplasty of superior femoral artery",1,"Surgery for PVD"
"5048531000006119",2,"^ESCTAN504853","","233285004","349538018","Angioplasty of profunda femoris artery",1,"Surgery for PVD"
"5048561000006111",1,"^ESCTPE504856","","233286003","349539014","Percutaneous balloon angioplasty of profunda femoris",1,"Surgery for PVD"
"5048601000006111",1,"^ESCTBA504860","","233287007","349542015","Balloon angioplasty of popliteal artery",1,"Surgery for PVD"
"5048591000006115",70,"^ESCTAN504859","","233287007","349543013","Angioplasty of popliteal artery",1,"Surgery for PVD"
"5048621000006118",4,"^ESCTBA504862","","233288002","349545018","Balloon angioplasty of the infrapopliteal artery",1,"Surgery for PVD"
"5048771000006110",10,"^ESCTEN504877","","233296007","349562011","Endarterectomy of internal carotid artery",1,"Carotid surgery"
"410965018",200,"7A421-1","7A42111","233304004","349571019","Endarterectomy of common iliac artery",1,"Surgery for PVD"
"5048891000006117",1,"^ESCTEN504889","","233306002","349575011","Endarterectomy of external iliac artery",1,"Surgery for PVD"
"5048901000006118",1,"^ESCTEI504890","","233306002","349576012","EIA - Endarterectomy of the external iliac artery",1,"Surgery for PVD"
"5048921000006111",3,"^ESCTCF504892","","233307006","349577015","CFA - Endarterectomy of the common femoral artery",1,"Surgery for PVD"
"5048911000006115",60,"^ESCTEN504891","","233307006","349578013","Endarterectomy of common femoral artery",1,"Surgery for PVD"
"5048931000006114",4,"^ESCTEN504893","","233308001","349579017","Endarterectomy of superficial femoral artery",1,"Surgery for PVD"
"5048951000006119",2,"^ESCTEN504895","","233309009","349582010","Endarterectomy of profunda femoris",1,"Surgery for PVD"
"272014018",200,"7A493","7A49300","233310004","349583017","Endarterectomy of popliteal artery",1,"Surgery for PVD"
"5050341000006115",40,"^ESCTIN505034","","233405004","349737013","Insertion of carotid artery stent",1,"Carotid surgery"
"5294451000006117",1,"^ESCTCO529445","","251019006","374153011","Coronary bypass graft finding",1,"Coronary artery surgery"
"5294501000006115",1,"^ESCTCO529450","","251023003","374157012","Coronary graft patent",1,"Coronary artery surgery"
"5294511000006117",30,"^ESCTCO529451","","251024009","374158019","Coronary graft stenosis",1,"Coronary artery surgery"
"5315871000006115",4,"^ESCTCO531587","","252427007","375986019","Coronary bypass graft angiography",1,"Coronary artery surgery"
"14636541000006114",1,"^ESCT1463654","","252427007","4670295011","Angiography of coronary artery bypass graft",1,"Coronary artery surgery"
"5474671000006119",4,"^ESCTCO547467","","264293000","392700019","Coronary artery graft",1,"Coronary artery surgery"
"272072010",700,"7A4z","7A4z.00","265511008","1489890011","Iliac and/or femoral artery operations",1,"Surgery for PVD"
"394321017",3000,"7A4","7A4..00","265511008","394321017","Iliac and femoral artery operations",1,"Surgery for PVD"
"748091000006113",300,"7A4-1","7A4..11","265511008","394321017","Leg artery operations",1,"Surgery for PVD"
"394330013",70,"7A43","7A43.00","265511008","394321017","Other open operations on iliac artery",1,"Surgery for PVD"
"410966017",60,"7A43-1","7A43.11","265511008","394321017","Other open operations on common iliac artery",1,"Surgery for PVD"
"271895017",20,"7A43y","7A43y00","265511008","394321017","Other specified other open operation on iliac artery",1,"Surgery for PVD"
"271896016",30,"7A43z","7A43z00","265511008","394321017","Other open operation on iliac artery NOS",1,"Surgery for PVD"
"272071015",300,"7A4y","7A4y.00","265511008","394321017","Other specified operations on iliac and femoral artery",1,"Surgery for PVD"
"394326010",80,"7A42","7A42.00","265516003","394326010","Reconstruction of iliac artery",1,"Surgery for PVD"
"271880019",20,"7A42y","7A42y00","265516003","394326010","Other specified reconstruction of iliac artery",1,"Surgery for PVD"
"271881015",40,"7A42z","7A42z00","265516003","394326010","Reconstruction of iliac artery NOS",1,"Surgery for PVD"
"271891014",500,"7A432","7A43200","265516003","394326010","Operation on aneurysm of iliac artery NEC",1,"Surgery for PVD"
"641691000006118",200,"7A420","7A42000","265517007","394327018","Endarterectomy of iliac artery and patch repair of iliac artery",1,"Surgery for PVD"
"394328011",100,"7A420-2","7A42012","265517007","394328011","Iliac endarterectomy and patch",1,"Surgery for PVD"
"394333010",100,"7A44","7A44.00","265522007","394333010","Transluminal operations on iliac artery",1,"Surgery for PVD"
"271907015",30,"7A44y","7A44y00","265522007","394333010","Other specified transluminal operation on iliac artery",1,"Surgery for PVD"
"271908013",40,"7A44z","7A44z00","265522007","394333010","Transluminal operation on iliac artery NOS",1,"Surgery for PVD"
"394340011",500,"7A49","7A49.00","265528006","394340011","Reconstruction of femoral artery or popliteal artery",1,"Surgery for PVD"
"187331000006112",50,"7A49y","7A49y00","265528006","394340011","Reconstruction of femoral or popliteal artery OS",1,"Surgery for PVD"
"272022013",100,"7A49z","7A49z00","265528006","394340011","Reconstruction of femoral or popliteal artery NOS",1,"Surgery for PVD"
"272029016",700,"7A4A0","7A4A000","265528006","394340011","Repair of femoral artery NEC",1,"Surgery for PVD"
"272037012",1000,"7A4A5","7A4A500","265528006","394340011","Operation on aneurysm of femoral artery NEC",1,"Surgery for PVD"
"90051000006113",600,"7A4B","7A4B.00","265530008","394342015","Transluminal operations on femoral artery or popliteal artery",1,"Surgery for PVD"
"89901000006118",40,"7A4By","7A4By00","265530008","394342015","Transluminal operation on femoral or popliteal artery OS",1,"Surgery for PVD"
"89891000006117",50,"7A4Bz","7A4Bz00","265530008","394342015","Transluminal operation on femoral or popliteal artery NOS",1,"Surgery for PVD"
"410964019",70,"7A420-1","7A42011","275041004","410964019","Endarterectomy and patch repair of common iliac artery",1,"Surgery for PVD"
"410968016",70,"7A44-1","7A44.11","275045008","410968016","Transluminal operations on common iliac artery",1,"Surgery for PVD"
"5592701000006112",3,"^ESCTPE559270","","276933006","413302014","Percutaneous endarterectomy of common femoral artery",1,"Surgery for PVD"
"5592751000006111",2,"^ESCTPE559275","","276937007","413309017","Percutaneous endarterectomy of superficial femoral artery",1,"Surgery for PVD"
"5592861000006115",1,"^ESCTPE559286","","276949008","413330014","Percutaneous endarterectomy of internal carotid artery",1,"Carotid surgery"
"2980341000006117",50,"^ESCTLA298034","","29843007","484400017","Laser coronary angioplasty",1,"Coronary artery surgery"
"484402013",3000,"79290","7929000","29843007","484402013","Percutaneous transluminal laser coronary angioplasty",1,"Coronary artery surgery"
"2980331000006110",20,"^ESCTCO298033","","29843007","49944012","Coronary atherectomy by laser",1,"Coronary artery surgery"
"394329015",500,"7A421","7A42100","307800001","451173017","Endarterectomy of iliac artery",1,"Surgery for PVD"
"491751000006111",20000,"7A","7A...00","30904006","51730017","Vascular surgery procedure",1,"Surgery for PVD"
"5993071000006115",1,"^ESCTAO599307","","309814006","453308012","Aortocoronary bypass grafting",1,"Coronary artery surgery"
"6019221000006118",20,"^ESCTAN601922","","312643005","456396012","Angioplasty of anterior tibial artery",1,"Surgery for PVD"
"6019231000006115",10,"^ESCTAN601923","","312644004","456397015","Angioplasty of posterior tibial artery",1,"Surgery for PVD"
"3006261000006110",500,"^ESCTOP300626","","31413008","2642691017","Operative procedure on coronary artery",1,"Coronary artery surgery"
"220231000000118",200000,"792","792..00","31413008","484868016","Coronary artery operation",1,"Coronary artery surgery"
"271173018",8000,"792z","792z.00","31413008","484868016","Coronary artery operations NOS",1,"Coronary artery surgery"
"271136016",10000,"7927","7927.00","31413008","52509013","Other open operations on coronary artery",1,"Coronary artery surgery"
"271140013",30,"7927y","7927y00","31413008","52509013","Other specified other open operation on coronary artery",1,"Coronary artery surgery"
"271141012",30,"7927z","7927z00","31413008","52509013","Other open operation on coronary artery NOS",1,"Coronary artery surgery"
"271149014",700,"7929","7929.00","31413008","52509013","Other therapeutic transluminal operations on coronary artery",1,"Coronary artery surgery"
"250941000006110",90,"7929y","7929y00","31413008","52509013","Other therapeutic transluminal op on coronary artery OS",1,"Coronary artery surgery"
"250931000006117",200,"7929z","7929z00","31413008","52509013","Other therapeutic transluminal op on coronary artery NOS",1,"Coronary artery surgery"
"271161018",600,"792B","792B.00","31413008","52509013","Repair of coronary artery NEC",1,"Coronary artery surgery"
"271163015",80,"792By","792By00","31413008","52509013","Other specified repair of coronary artery",1,"Coronary artery surgery"
"271164014",50,"792Bz","792Bz00","31413008","52509013","Repair of coronary artery NOS",1,"Coronary artery surgery"
"271172011",1000,"792y","792y.00","31413008","52509013","Other specified operations on coronary artery",1,"Coronary artery surgery"
"3006271000006115",3,"^ESCTOP300627","","31413008","52509013","Operative procedure on coronary arteries",1,"Coronary artery surgery"
"3006281000006117",1,"^ESCTCO300628","","31413008","52512011","Coronary artery surgery",1,"Coronary artery surgery"
"865171000006113",700,"792-99","792..99","31413008","865171000006113","Coronary artery operation NOS",1,"Coronary artery surgery"
"161451000006116",4000,"7920-1","7920.11","3546002","1228282017","Saphenous vein graft replacement of coronary artery",1,"Coronary artery surgery"
"14055221000006116",1,"^ESCT1405522","","3546002","3971183018","Coronary artery bypass graft with saphenous vein graft",1,"Coronary artery surgery"
"1228282017",40000,"7920","7920.00","3546002","6979016","Saphenous vein graft replacement of coronary artery",1,"Coronary artery surgery"
"161481000006112",20000,"7920y","7920y00","3546002","6979016","Aortocoronary artery bypass graft with saphenous vein graft",1,"Coronary artery surgery"
"271079016",1000,"7920z","7920z00","3546002","6979016","Saphenous vein graft replacement coronary artery NOS",1,"Coronary artery surgery"
"865181000006111",6000,"7920-99","7920.99","3546002","865181000006111","Coronary artery venous graft",1,"Coronary artery surgery"
"6204121000006118",2,"^ESCTCO620412","","359601003","473687010","Coronary artery bypass with autogenous graft of internal mammary artery, single graft",1,"Coronary artery surgery"
"6360371000006119",6,"^ESCTSI636037","","371805005","1210400010","Significant coronary bypass graft disease",1,"Coronary artery surgery"
"6360401000006116",8,"^ESCTRE636040","","371808007","2470265017","Recurrent angina after percutaneous transluminal coronary angioplasty",1,"Coronary artery surgery"
"6360441000006119",5,"^ESCTRE636044","","371810009","2470267013","Recurrent angina after coronary artery bypass graft",1,"Coronary artery surgery"
"6380081000006117",3,"^ESCTAN638008","","373363002","1211847019","Angioplasty of artery of lower extremity",1,"Surgery for PVD"
"6583111000006116",1,"^ESCTPE658311","","397193006","1776881019","Percutaneous transluminal coronary angioplasty by rotoablation",1,"Coronary artery surgery"
"1785743019",2000,"79293","7929300","397193006","1785743019","Rotary blade coronary angioplasty",1,"Coronary artery surgery"
"6583131000006110",10,"^ESCTPE658313","","397194000","1776882014","Percutaneous rotational coronary endarterectomy",1,"Coronary artery surgery"
"3139031000006115",8,"^ESCTDO313903","","39724006","66992015","Double internal mammary-coronary artery bypass",1,"Coronary artery surgery"
"460686018",200,"ZV457","ZV45700","399261000","1767181012","[V]Presence of aortocoronary bypass graft",1,"Coronary artery surgery"
"451132018",8000,"ZV45K","ZV45K00","399261000","1767181012","[V]Presence of coronary artery bypass graft",1,"Coronary artery surgery"
"1227364015",10000,"ZV45K-1","ZV45K11","399261000","2986657017","History of coronary artery bypass grafting",1,"Prevalent only"
"6648681000006111",80,"^ESCTAN664868","","401114006","1780315011","Angioplasty of femoral artery",1,"Surgery for PVD"
"6713381000006112",2,"^ESCTEN671338","","405392007","2157203013","Endarterectomy and angioplasty of common femoral artery",1,"Surgery for PVD"
"6713591000006118",1,"^ESCTAN671359","","405413004","2157224015","Angioplasty of tibioperoneal artery",1,"Surgery for PVD"
"6713601000006114",3,"^ESCTAN671360","","405413004","2163085012","Angioplasty of tibio-peroneal artery",1,"Surgery for PVD"
"6713731000006110",1,"^ESCTAN671373","","405422003","2157232011","Angioplasty of superficial femoral artery with vein",1,"Surgery for PVD"
"6714171000006114",1,"^ESCTAN671417","","405453001","2157256010","Angioplasty of popliteal artery with vein",1,"Surgery for PVD"
"6714201000006113",1,"^ESCTEN671420","","405456009","2157259015","Endarterectomy and angioplasty of lower limb artery",1,"Surgery for PVD"
"6718021000006116",9,"^ESCTHI671802","","405741001","2986424012","History of percutaneous coronary intervention",1,"Prevalent only"
"2160096015",8000,"SP076","SP07600","408546009","2160096015","Coronary artery bypass graft occlusion",1,"Coronary artery surgery"
"3166201000006119",1000,"^ESCTCO316620","","41339005","68955014","Coronary angioplasty",1,"Coronary artery surgery"
"6846221000006115",3,"^ESCTCA684622","","413766009","2534799012","Carotid stent",1,"Carotid surgery"
"14082621000006118",1,"^ESCT1408262","","413766009","3973325014","Carotid artery stent",1,"Carotid surgery"
"6851841000006118",10,"^ESCTEM685184","","414088005","2535175013","Emergency CABG",1,"Coronary artery surgery"
"2535177017",4000,"792E0","792E000","414089002","2535177017","Emergency percutaneous coronary intervention",1,"Coronary artery surgery"
"2535176014",70000,"792E","792E.00","415070008","2535176014","Percutaneous coronary intervention",1,"Coronary artery surgery"
"6869441000006114",700,"^ESCTPC686944","","415070008","3028800015","PCI - Percutaneous coronary intervention",1,"Coronary artery surgery"
"6927491000006113",4,"^ESCTOF692749","","418824004","2576881018","Off-pump coronary artery bypass",1,"Coronary artery surgery"
"6932321000006116",3,"^ESCTMI693232","","419132001","2576880017","Minimally invasive direct coronary artery bypass",1,"Coronary artery surgery"
"6932331000006118",2,"^ESCTMI693233","","419132001","2579798014","MIDCAB - Minimally invasive direct coronary artery bypass",1,"Coronary artery surgery"
"6933771000006113",1,"^ESCTFL693377","","419218008","2578416016","Fluoroscopic angioplasty of infrapopliteal artery",1,"Surgery for PVD"
"1548121000006111",300,"7A1A5","7A1A500","428062003","2692913016","Percutaneous transluminal balloon angioplasty with insertion of stent into aorta",1,"Coronary artery surgery"
"7086511000006119",1,"^ESCTHI708651","","428308007","2695664011","History of percutaneous transluminal coronary angioplasty",1,"Prevalent only"
"7100421000006116",1,"^ESCTRE710042","","429245005","2693393017","Recurrent coronary arteriosclerosis after percutaneous transluminal coronary angioplasty",1,"Coronary artery surgery"
"7101121000006115",1,"^ESCTAN710112","","429287007","2695047014","Angioplasty of carotid artery",1,"Carotid surgery"
"1547631000006117",30000,"793G","793G.00","429639007","2694928017","Percutaneous transluminal balloon angioplasty with insertion of stent into coronary artery",1,"Coronary artery surgery"
"1547661000006114",3000,"793G2","793G200","429639007","2694928017","Perc translum balloon angioplasty insert 1-2 stents cor art",1,"Coronary artery surgery"
"1547671000006119",300,"793G3","793G300","429639007","2694928017","Percutaneous cor balloon angiop 3 more stents cor art NEC",1,"Coronary artery surgery"
"1547681000006116",400,"793Gy","793Gy00","429639007","2694928017","OS perc translumina balloon angioplast stenting coronary art",1,"Coronary artery surgery"
"1547691000006118",2000,"793Gz","793Gz00","429639007","2694928017","Perc translum balloon angioplasty stenting coronary art NOS",1,"Coronary artery surgery"
"7106991000006111",3,"^ESCTCO710699","","429673002","2694939019","Coronary arteriosclerosis of coronary artery bypass graft",1,"Coronary artery surgery"
"7140691000006113",1,"^ESCTPE714069","","431560003","2768809013","Percutaneous transluminal angioplasty of profunda femoris artery using fluoroscopic guidance",1,"Surgery for PVD"
"7143161000006116",1,"^ESCTPE714316","","431660006","2767393013","Percutaneous transluminal angioplasty of common femoral artery using fluoroscopic guidance",1,"Surgery for PVD"
"7171201000006110",1,"^ESCTAN717120","","432956008","2772091012","Angioplasty of common femoral artery using fluoroscopic guidance",1,"Surgery for PVD"
"7172951000006112",1,"^ESCTFL717295","","433056003","2769540017","Fluoroscopic angiography of internal carotid artery using contrast with insertion of stent",1,"Carotid surgery"
"7182581000006118",1,"^ESCTFL718258","","433683001","2773363016","Fluoroscopic angiography of internal carotid artery using contrast with insertion of drug eluting stent",1,"Carotid surgery"
"7298951000006115",7,"^ESCTAR729895","","444855007","2872851014","Arteriosclerosis of coronary artery bypass graft of transplanted heart",1,"Coronary artery surgery"
"7430441000006118",1,"^ESCTAT743044","","465631000","2943268015","Atherectomy coronary angioplasty system",1,"Coronary artery surgery"
"7459331000006112",2,"^ESCTDR745933","","468987009","2936101011","Drug-eluting carotid artery stent",1,"Carotid surgery"
"7483641000006116",40,"^ESCTHI748364","","473155009","2956118016","History of angioplasty",1,"Prevalent only"
"271508017",400,"7A191","7A19100","49187005","81933015","Endarterectomy of aorta",1,"Coronary artery surgery"
"3525407018",1,"^ESCT1169596","","511000087101","3525407018","Angioplasty of artery of right lower limb using fluoroscopic guidance",1,"Surgery for PVD"
"865311000006118",60,"792B0-99","792B099","538891000000107","865311000006118","Coronary endarterectomy",1,"Coronary artery surgery"
"933021000006113",400,"792y-99","792y.99","582911000000104","933021000006113","Angioplasty of coronary artery",1,"Coronary artery surgery"
"7493991000006117",2,"^ESCTPE749399","","609167004","2958686018","Percutaneous transluminal angioplasty of lower limb",1,"Surgery for PVD"
"3494951000006115",1,"^ESCTAO349495","","61236006","2871738010","Aortocoronary artery bypass graft repeated",1,"Coronary artery surgery"
"3535951000006117",10,"^ESCTCA353595","","63697000","105871017","Cardiopulmonary bypass operation",1,"Coronary artery surgery"
"3535971000006110",2,"^ESCTCA353597","","63697000","499651018","Cardiopulmonary perfusion",1,"Coronary artery surgery"
"3535981000006113",3,"^ESCTCP353598","","63697000","499652013","CPB - Cardiopulmonary bypass",1,"Coronary artery surgery"
"499653015",2000,"7M360","7M36000","63697000","499653015","Cardiopulmonary bypass",1,"Coronary artery surgery"
"878761000006116",8,"7M360-99","7M36099","63697000","878761000006116","Artificial heart-lung by-pass",1,"Coronary artery surgery"
"271534013",50000,"7A204","7A20400","66951008","111206015","Carotid endarterectomy",1,"Carotid surgery"
"3588611000006113",6,"^ESCTCE358861","","66951008","1232861018","CEA - Carotid endarterectomy",1,"Carotid surgery"
"3614141000006115",200,"^ESCTRE361414","","68466008","113718016","Removal of coronary artery obstruction by percutaneous transluminal balloon, single vessel",1,"Coronary artery surgery"
"238641000006117",30000,"79280","7928000","68466008","1233048011","Percutaneous transluminal balloon angioplasty of one coronary artery",1,"Coronary artery surgery"
"865301000006116",200,"79280-99","7928099","68466008","865301000006116","Percut angiopl coronary artery",1,"Coronary artery surgery"
"1654891000000110",2000,"8L41","8L41.00","698377004","2974242014","Coronary angioplasty planned",1,"Coronary artery surgery"
"7508021000006119",30,"^ESCTCA750802","","698378009","2337671000000113","CABG (coronary artery bypass graft) operation planned",1,"Coronary artery surgery"
"1550991000000116",2000,"8L40","8L40.00","698378009","2974157013","Coronary artery bypass graft operation planned",1,"Coronary artery surgery"
"7508011000006110",1,"^ESCTCO750801","","698378009","2974215013","Coronary artery bypass grafting planned",1,"Coronary artery surgery"
"7604961000006112",2,"^ESCTCO760496","","705926001","3025067018","Coronary angioplasty balloon catheter",1,"Coronary artery surgery"
"1547311000006116",300,"79283","7928300","707828002","3032475016","Percutaneous transluminal cutting balloon angioplasty of coronary artery",1,"Coronary artery surgery"
"7640701000006112",1,"^ESCTPE764070","","708872002","3037257011","Percutaneous transluminal angioplasty of lower limb artery",1,"Surgery for PVD"
"7685381000006117",1,"^ESCTFL768538","","711221001","3075408019","Fluoroscopic angioplasty of iliac artery and insertion of stent",1,"Surgery for PVD"
"7700501000006119",4,"^ESCTPE770050","","713170001","3288300017","Percutaneous transluminal balloon angioplasty with insertion of stent into iliac artery",1,"Surgery for PVD"
"7802511000006115",10,"^ESCTCO780251","","720351003","3320432011","Coronary angioplasty balloon catheter, drug-eluting",1,"Coronary artery surgery"
"7855741000006112",1,"^ESCTAT785574","","724431008","3498189014","Atherosclerosis of autologous coronary artery bypass graft",1,"Coronary artery surgery"
"161491000006110",5000,"79203","7920300","736966005","3525965016","Aortocoronary artery bypass of four or more coronary arteries with saphenous vein graft",1,"Coronary artery surgery"
"271073015",1000,"79200","7920000","736967001","3525967012","Saphenous vein graft replacement of one coronary artery",1,"Coronary artery surgery"
"3525968019",10,"^ESCT1167247","","736967001","3525968019","Aortocoronary artery bypass of one coronary artery with saphenous vein graft",1,"Coronary artery surgery"
"3525970011",1,"^ESCT1167250","","736968006","3525970011","Saphenous vein graft bypass of three coronary arteries",1,"Coronary artery surgery"
"271075010",9000,"79202","7920200","736968006","3525971010","Aortocoronary artery bypass of three coronary arteries with saphenous vein graft",1,"Coronary artery surgery"
"271074014",3000,"79201","7920100","736969003","3525975018","Aortocoronary artery bypass of two coronary arteries with saphenous vein graft",1,"Coronary artery surgery"
"12009341000006119",10,"^ESCT1200934","","763725002","3643524015","Percutaneous transluminal angioplasty of coronary artery using drug eluting balloon catheter",1,"Coronary artery surgery"
"8270031000006111",1,"^ESCTEN827003","","822501000000101","2141371000000115","Endoscopic robot assisted coronary artery bypass",1,"Coronary artery surgery"
"3883421000006114",50,"^ESCTPE388342","","85053006","141011017","Percutaneous transluminal coronary angioplasty, multiple vessels",1,"Coronary artery surgery"
"238571000006114",7000,"79281","7928100","85053006","506356013","Percutaneous transluminal balloon angioplasty of multiple coronary arteries",1,"Coronary artery surgery"
"13961481000006115",1,"^ESCT1396148","","868227005","3964004012","Coronary artery bypass grafting using radial artery graft",1,"Coronary artery surgery"
"13961541000006110",8,"^ESCT1396154","","868231004","3964017010","Coronary artery bypass graft using free LIMA (left internal mammary artery) graft",1,"Coronary artery surgery"
"13961551000006112",4,"^ESCT1396155","","868231004","3964018017","Coronary artery bypass graft using free left internal mammary artery graft",1,"Coronary artery surgery"
"13961751000006115",40,"^ESCT1396175","","868245005","3964089016","Percutaneous coronary intervention of left coronary artery",1,"Coronary artery surgery"
"13961761000006118",20,"^ESCT1396176","","868245005","3964100018","PCI (percutaneous coronary intervention) of LCA (left coronary artery)",1,"Coronary artery surgery"
"13961771000006113",10,"^ESCT1396177","","868246006","3964091012","Percutaneous coronary intervention of anterior descending branch of left coronary artery",1,"Coronary artery surgery"
"13961781000006111",70,"^ESCT1396178","","868246006","3964101019","PCI (percutaneous coronary intervention) of left anterior descending branch of coronary artery",1,"Coronary artery surgery"
"13961791000006114",4,"^ESCT1396179","","868247002","3964094016","Percutaneous coronary intervention of circumflex branch of left coronary artery",1,"Coronary artery surgery"
"13961801000006110",10,"^ESCT1396180","","868247002","3964095015","PCI (percutaneous coronary intervention) of circumflex branch of left coronary artery",1,"Coronary artery surgery"
"13961821000006117",100,"^ESCT1396182","","868248007","3964097011","PCI (percutaneous coronary intervention) of RCA (right coronary artery)",1,"Coronary artery surgery"
"13961811000006113",40,"^ESCT1396181","","868248007","3964099014","Percutaneous coronary intervention of right coronary artery",1,"Coronary artery surgery"
"8327951000006114",30,"^ESCTFL832795","","914231000000100","2349091000000114","Fluoroscopy guided primary percutaneous coronary intervention",1,"Coronary artery surgery"
"1547641000006110",9000,"793G0","793G000","936451000000108","2398371000000113","Percutaneous transluminal balloon angioplasty and insertion of drug eluting stent into coronary artery",1,"Coronary artery surgery"
"1547651000006112",900,"793G1","793G100","936451000000108","2398371000000113","Perc tran ball angio ins 3 or more drug elut stents cor art",1,"Coronary artery surgery"
