prodcodeid,drugissues,dmdid,termfromemis,productname,formulation,routeofadministration,drugsubstancename,substancestrength,bnfchapt,bnfcode,bnfcodeshort,bnfname,bnf0212,lipid_lowering,acipimox,alirocumab,atorvastatin,bempedoic,bezafibrate,cerivastatin,ciprofibrate,colesevelam,colestipol,colestyramine,evolocumab,ezetimibe,fenofibrate,fluvastatin,gemfibrozil,icosapent,inclisiran,lomitapide,nicotinic,omega,policosanol,pravastatin,rosuvastatin,simvastatin,statin,lipid_lowering_count,external_codelist,lshtm_2102,lshtm_2199,lshtm_2470,hdruk_972,hdruk_1013,hdruk_1600,oc_openpresc_allstatins,oc_openpresc_lowmedstatins
"1337541000033111",100000000,"320000009","Simvastatin 40mg tablets","Simvastatin 40mg tablets","Tablet","Oral","Simvastatin","40.000mg","02120000","","","",1,1,0,0,0,0,0,0,0,0,0,0,0,0,0,0,0,0,0,0,0,0,0,0,0,1,1,1,1,1,1,1,,,,,
"1336941000033119",60000000,"319997009","Simvastatin 20mg tablets","Simvastatin 20mg tablets","Tablet","Oral","Simvastatin","20.000mg","02120000","","","",1,1,0,0,0,0,0,0,0,0,0,0,0,0,0,0,0,0,0,0,0,0,0,0,0,1,1,1,1,1,1,1,,,,,
"92041000033111",60000000,"39733011000001106","Atorvastatin 20mg tablets","Atorvastatin 20mg tablets","Tablet","Oral","Atorvastatin calcium trihydrate","20.000mg","02120000","0212000B0AAABAB","02120000","Atorvastatin 20mg tablets",1,1,0,0,1,0,0,0,0,0,0,0,0,0,0,0,0,0,0,0,0,0,0,0,0,0,1,1,1,1,1,1,1,1,1,1,
"92141000033110",40000000,"39733111000001107","Atorvastatin 40mg tablets","Atorvastatin 40mg tablets","Tablet","Oral","Atorvastatin calcium trihydrate","40.000mg","02120000","0212000B0AAACAC","02120000","Atorvastatin 40mg tablets",1,1,0,0,1,0,0,0,0,0,0,0,0,0,0,0,0,0,0,0,0,0,0,0,0,0,1,1,1,1,1,1,1,1,1,1,
"91941000033117",30000000,"39695411000001103","Atorvastatin 10mg tablets","Atorvastatin 10mg tablets","Tablet","Oral","Atorvastatin calcium trihydrate","10.000mg","02120000","0212000B0AAAAAA","02120000","Atorvastatin 10mg tablets",1,1,0,0,1,0,0,0,0,0,0,0,0,0,0,0,0,0,0,0,0,0,0,0,0,0,1,1,1,1,1,1,1,1,1,1,1
"1336841000033110",20000000,"319996000","Simvastatin 10mg tablets","Simvastatin 10mg tablets","Tablet","Oral","Simvastatin","10.000mg","02120000","","","",1,1,0,0,0,0,0,0,0,0,0,0,0,0,0,0,0,0,0,0,0,0,0,0,0,1,1,1,1,1,1,1,,,,,
"2261041000033114",20000000,"39733211000001101","Atorvastatin 80mg tablets","Atorvastatin 80mg tablets","Tablet","Oral","Atorvastatin calcium trihydrate","80.000mg","02120000","0212000B0AAADAD","02120000","Atorvastatin 80mg tablets",1,1,0,0,1,0,0,0,0,0,0,0,0,0,0,0,0,0,0,0,0,0,0,0,0,0,1,1,1,1,1,1,1,1,1,1,
"2906741000033119",10000000,"408060004","Ezetimibe 10mg tablets","Ezetimibe 10mg tablets","Tablet","Oral","Ezetimibe","10.000mg","02120000","","","",1,1,0,0,0,0,0,0,0,0,0,0,0,1,0,0,0,0,0,0,0,0,0,0,0,0,0,1,,,,,,,,,
"1136541000033116",8000000,"320014009","Pravastatin 40mg tablets","Pravastatin 40mg tablets","Tablet","Oral","Pravastatin sodium","40.000mg","02120000","","","",1,1,0,0,0,0,0,0,0,0,0,0,0,0,0,0,0,0,0,0,0,0,0,1,0,0,1,1,1,1,1,1,,,,,
"2891541000033111",6000000,"408036003","Rosuvastatin 10mg tablets","Rosuvastatin 10mg tablets","Tablet","Oral","Rosuvastatin calcium","10.000mg","02120000","","","",1,1,0,0,0,0,0,0,0,0,0,0,0,0,0,0,0,0,0,0,0,0,0,0,1,0,1,1,1,1,1,1,,,,,
"1130241000033116",5000000,"320013003","Pravastatin 20mg tablets","Pravastatin 20mg tablets","Tablet","Oral","Pravastatin sodium","20.000mg","02120000","","","",1,1,0,0,0,0,0,0,0,0,0,0,0,0,0,0,0,0,0,0,0,0,0,1,0,0,1,1,1,1,1,1,,,,,
"1130141000033111",3000000,"320012008","Pravastatin 10mg tablets","Pravastatin 10mg tablets","Tablet","Oral","Pravastatin sodium","10.000mg","02120000","","","",1,1,0,0,0,0,0,0,0,0,0,0,0,0,0,0,0,0,0,0,0,0,0,1,0,0,1,1,1,1,1,1,,,,,
"145941000033117",3000000,"39020211000001107","Bezafibrate 400mg modified-release tablets","Bezafibrate 400mg modified-release tablets","Modified-release tablet","Oral","Bezafibrate","400.000mg","02120000","0212000D0AAABAB","02120000","Bezafibrate 400mg modified-release tablets",1,1,0,0,0,0,1,0,0,0,0,0,0,0,0,0,0,0,0,0,0,0,0,0,0,0,0,1,1,,,,1,1,1,,
"3836041000033114",3000000,"409108001","Rosuvastatin 5mg tablets","Rosuvastatin 5mg tablets","Tablet","Oral","Rosuvastatin calcium","5.000mg","02120000","","","",1,1,0,0,0,0,0,0,0,0,0,0,0,0,0,0,0,0,0,0,0,0,0,0,1,0,1,1,1,1,1,1,,,,,
"2066241000033118",2000000,"320006003","Simvastatin 80mg tablets","Simvastatin 80mg tablets","Tablet","Oral","Simvastatin","80.000mg","02120000","","","",1,1,0,0,0,0,0,0,0,0,0,0,0,0,0,0,0,0,0,0,0,0,0,0,0,1,1,1,1,1,1,1,,,,,
"2891641000033112",2000000,"408037007","Rosuvastatin 20mg tablets","Rosuvastatin 20mg tablets","Tablet","Oral","Rosuvastatin calcium","20.000mg","02120000","","","",1,1,0,0,0,0,0,0,0,0,0,0,0,0,0,0,0,0,0,0,0,0,0,0,1,0,1,1,1,1,1,1,,,,,
"2214741000033113",1000000,"319994002","Fenofibrate micronised 160mg tablets","Fenofibrate micronised 160mg tablets","Tablet","Oral","Fenofibrate micronised","160.000mg","02120000","","","",1,1,0,0,0,0,0,0,0,0,0,0,0,0,1,0,0,0,0,0,0,0,0,0,0,0,0,1,,,,,,,,,
"2762241000033115",1000000,"4334511000001103","Omacor capsules (Viatris UK Healthcare Ltd)","Omacor capsules","Capsule","Oral","Docosahexaenoic acid/ Eicosapentaenoic acid","380.000mg + 460.000mg","02120000","0212000ABBBAAAA","02120000","Omacor capsules",1,1,0,0,0,0,0,0,0,0,0,0,0,0,0,0,0,0,0,0,0,1,0,0,0,0,0,1,1,,,,1,1,1,,
"2974141000033115",1000000,"4896711000001108","Simvador 40mg tablets (Dexcel-Pharma Ltd)","Simvador 40mg tablets","Tablet","Oral","Simvastatin","40.000mg","02120000","0212000Y0BDACAD","02120000","Simvador 40mg tablets",1,1,0,0,0,0,0,0,0,0,0,0,0,0,0,0,0,0,0,0,0,0,0,0,0,1,1,1,1,1,1,1,1,1,1,1,1
"578741000033117",900000,"39693111000001107","Fluvastatin 40mg capsules","Fluvastatin 40mg capsules","Capsule","Oral","Fluvastatin sodium","40.000mg","02120000","0212000M0AAABAB","02120000","Fluvastatin 40mg capsules",1,1,0,0,0,0,0,0,0,0,0,0,0,0,0,1,0,0,0,0,0,0,0,0,0,0,1,1,1,1,1,1,1,1,1,1,1
"578641000033114",800000,"39693011000001106","Fluvastatin 20mg capsules","Fluvastatin 20mg capsules","Capsule","Oral","Fluvastatin sodium","20.000mg","02120000","0212000M0AAAAAA","02120000","Fluvastatin 20mg capsules",1,1,0,0,0,0,0,0,0,0,0,0,0,0,0,1,0,0,0,0,0,0,0,0,0,0,1,1,1,1,1,1,1,1,1,1,1
"1862541000033115",700000,"319992003","Fenofibrate micronised 267mg capsules","Fenofibrate micronised 267mg capsules","Capsule","Oral","Fenofibrate micronised","267.000mg","02120000","","","",1,1,0,0,0,0,0,0,0,0,0,0,0,0,1,0,0,0,0,0,0,0,0,0,0,0,0,1,,,,,,,,,
"145041000033118",700000,"349711000001104","Bezalip Mono 400mg modified-release tablets (Teva UK Ltd)","Bezalip Mono 400mg modified-release tablets","Modified-release tablet","Oral","Bezafibrate","400.000mg","02120000","0212000D0BBABAB","02120000","Bezalip Mono 400mg modified-release tablets",1,1,0,0,0,0,1,0,0,0,0,0,0,0,0,0,0,0,0,0,0,0,0,0,0,0,0,1,1,,,,1,1,1,,
"2974041000033119",700000,"4896511000001103","Simvador 20mg tablets (Dexcel-Pharma Ltd)","Simvador 20mg tablets","Tablet","Oral","Simvastatin","20.000mg","02120000","0212000Y0BDABAB","02120000","Simvador 20mg tablets",1,1,0,0,0,0,0,0,0,0,0,0,0,0,0,0,0,0,0,0,0,0,0,0,0,1,1,1,1,1,1,1,1,1,1,1,1
"145841000033113",600000,"319940007","Bezafibrate 200mg tablets","Bezafibrate 200mg tablets","Tablet","Oral","Bezafibrate","200.000mg","02120000","","","",1,1,0,0,0,0,1,0,0,0,0,0,0,0,0,0,0,0,0,0,0,0,0,0,0,0,0,1,,,,,,,,,
"3188941000033114",600000,"319988005","Fenofibrate micronised 200mg capsules","Fenofibrate micronised 200mg capsules","Capsule","Oral","Fenofibrate micronised","200.000mg","02120000","","","",1,1,0,0,0,0,0,0,0,0,0,0,0,0,1,0,0,0,0,0,0,0,0,0,0,0,0,1,,,,,,,,,
"3282141000033113",600000,"4339911000001106","Eicosapentaenoic acid 460mg / Docosahexaenoic acid 380mg capsules","Eicosapentaenoic acid 460mg / Docosahexaenoic acid 380mg capsules","Capsule","Oral","Docosahexaenoic acid/ Eicosapentaenoic acid","380.000mg + 460.000mg","02120000","0212000ABAAAAAA","02120000","Eicosapentaenoic acid 460mg/Docosahexaenoic acid 380mg caps",1,1,0,0,0,0,0,0,0,0,0,0,0,0,0,0,0,0,0,0,0,1,0,0,0,0,0,1,1,,,,1,1,1,,
"258541000033118",500000,"320018007","Ciprofibrate 100mg tablets","Ciprofibrate 100mg tablets","Tablet","Oral","Ciprofibrate","100.000mg","02120000","","","",1,1,0,0,0,0,0,0,1,0,0,0,0,0,0,0,0,0,0,0,0,0,0,0,0,0,0,1,,,,,,,,,
"2891741000033115",500000,"408024009","Rosuvastatin 40mg tablets","Rosuvastatin 40mg tablets","Tablet","Oral","Rosuvastatin calcium","40.000mg","02120000","","","",1,1,0,0,0,0,0,0,0,0,0,0,0,0,0,0,0,0,0,0,0,0,0,0,1,0,1,1,1,1,1,1,,,,,
"3086341000033118",400000,"319948000","Colestyramine 4g oral powder sachets","Colestyramine 4g oral powder sachets"," Powder","Oral","Colestyramine anhydrous","4.000gram","02120000","","","",1,1,0,0,0,0,0,0,0,0,0,1,0,0,0,0,0,0,0,0,0,0,0,0,0,0,0,1,,,,,,,,,
"564541000033112",400000,"9843611000001100","Fenofibrate 200mg capsules","Fenofibrate 200mg capsules","Capsule","Oral","Fenofibrate","200.000mg","02120000","0212000P0AAAFAF","02120000","Fenofibrate 200mg capsules",1,1,0,0,0,0,0,0,0,0,0,0,0,0,1,0,0,0,0,0,0,0,0,0,0,0,0,1,1,,,,1,1,1,,
"1562841000033119",300000,"108111000001106","Zocor 10mg tablets (Organon Pharma (UK) Ltd)","Zocor 10mg tablets","Tablet","Oral","Simvastatin","10.000mg","02120000","0212000Y0BBAAAA","02120000","Zocor 10mg tablets",1,1,0,0,0,0,0,0,0,0,0,0,0,0,0,0,0,0,0,0,0,0,0,0,0,1,1,1,1,1,1,1,1,1,1,1,1
"233741000033115",300000,"320035006","Cerivastatin 100microgram tablets","Cerivastatin 100microgram tablets","Tablet","Oral","Cerivastatin sodium","100.000microgram","02120000","","","",1,1,0,0,0,0,0,1,0,0,0,0,0,0,0,0,0,0,0,0,0,0,0,0,0,0,1,1,1,1,1,1,,,,,
"2189041000033110",300000,"36566411000001105","Fluvastatin 80mg modified-release tablets","Fluvastatin 80mg modified-release tablets","Modified-release tablet","Oral","Fluvastatin sodium","80.000mg","02120000","0212000M0AAADAD","02120000","Fluvastatin 80mg modified-release tablets",1,1,0,0,0,0,0,0,0,0,0,0,0,0,0,1,0,0,0,0,0,0,0,0,0,0,1,1,1,1,1,1,1,1,1,1,1
"4310841000033113",300000,"376119006","Colesevelam 625mg tablets","Colesevelam 625mg tablets","Tablet","Oral","Colesevelam hydrochloride","625.000mg","02120000","","","",1,1,0,0,0,0,0,0,0,1,0,0,0,0,0,0,0,0,0,0,0,0,0,0,0,0,0,1,,,,,,,,,
"836241000033113",300000,"643911000001108","Lipitor 10mg tablets (Viatris UK Healthcare Ltd)","Lipitor 10mg tablets","Tablet","Oral","Atorvastatin calcium trihydrate","10.000mg","02120000","0212000B0BBAAAA","02120000","Lipitor 10mg tablets",1,1,0,0,1,0,0,0,0,0,0,0,0,0,0,0,0,0,0,0,0,0,0,0,0,0,1,1,1,1,1,1,1,1,1,1,1
"836341000033115",200000,"232011000001102","Lipitor 20mg tablets (Viatris UK Healthcare Ltd)","Lipitor 20mg tablets","Tablet","Oral","Atorvastatin calcium trihydrate","20.000mg","02120000","0212000B0BBABAB","02120000","Lipitor 20mg tablets",1,1,0,0,1,0,0,0,0,0,0,0,0,0,0,0,0,0,0,0,0,0,0,0,0,0,1,1,1,1,1,1,1,1,1,1,
"564641000033113",200000,"319990006","Fenofibrate micronised 67mg capsules","Fenofibrate micronised 67mg capsules","Capsule","Oral","Fenofibrate micronised","67.000mg","02120000","","","",1,1,0,0,0,0,0,0,0,0,0,0,0,0,1,0,0,0,0,0,0,0,0,0,0,0,0,1,,,,,,,,,
"1148741000033114",200000,"3257311000001105","Questran 4g oral powder sachets (Neon Healthcare Ltd)","Questran 4g oral powder sachets"," Powder","Oral","Colestyramine anhydrous","4.000gram","02120000","0212000F0BBAAAB","02120000","Questran 4g oral powder sachets",1,1,0,0,0,0,0,0,0,0,0,1,0,0,0,0,0,0,0,0,0,0,0,0,0,0,0,1,1,,,,1,1,1,,
"1148841000033116",200000,"3263311000001105","Questran Light 4g oral powder sachets (Neon Healthcare Ltd)","Questran Light 4g oral powder sachets"," Powder","Oral","Colestyramine anhydrous","4.000gram","02120000","0212000F0BBACAE","02120000","Questran Light 4g oral powder sachets",1,1,0,0,0,0,0,0,0,0,0,1,0,0,0,0,0,0,0,0,0,0,0,0,0,0,0,1,1,,,,1,1,1,,
"3086441000033112",200000,"3336411000001107","Colestyramine 4g oral powder sachets sugar free","Colestyramine 4g oral powder sachets sugar free"," Powder","Oral","Colestyramine anhydrous","4.000gram","02120000","0212000F0AAAEAE","02120000","Colestyramine 4g oral powder sachets sugar free",1,1,0,0,0,0,0,0,0,0,0,1,0,0,0,0,0,0,0,0,0,0,0,0,0,0,0,1,1,,,,1,1,1,,
"3292541000033115",200000,"414178007","Simvastatin 40mg / Ezetimibe 10mg tablets","Simvastatin 40mg / Ezetimibe 10mg tablets","Tablet","Oral","Ezetimibe/ Simvastatin","10.000mg + 40.000mg","02120000","","","",1,1,0,0,0,0,0,0,0,0,0,0,0,1,0,0,0,0,0,0,0,0,0,0,0,1,1,2,1,1,1,1,,,,,
"2906841000033112",200000,"4495611000001102","Ezetrol 10mg tablets (Organon Pharma (UK) Ltd)","Ezetrol 10mg tablets","Tablet","Oral","Ezetimibe","10.000mg","02120000","0212000L0BBAAAA","02120000","Ezetrol 10mg tablets",1,1,0,0,0,0,0,0,0,0,0,0,0,1,0,0,0,0,0,0,0,0,0,0,0,0,0,1,1,,,,1,1,1,,
"1562941000033110",200000,"776811000001104","Zocor 20mg tablets (Organon Pharma (UK) Ltd)","Zocor 20mg tablets","Tablet","Oral","Simvastatin","20.000mg","02120000","0212000Y0BBABAB","02120000","Zocor 20mg tablets",1,1,0,0,0,0,0,0,0,0,0,0,0,0,0,0,0,0,0,0,0,0,0,0,0,1,1,1,1,1,1,1,1,1,1,1,1
"858241000033113",100000,"2838911000001109","MaxEPA 1g capsules (Seven Seas Ltd)","MaxEPA 1g capsules","Capsule","Oral","Docosahexaenoic acid/ Eicosapentaenoic acid","115.000mg + 170.000mg","02120000","0212000V0BBABAB","02120000","MaxEPA 1g capsules",1,1,0,0,0,0,0,0,0,0,0,0,0,0,0,0,0,0,0,0,0,1,0,0,0,0,0,1,1,,,,1,1,1,,
"2214841000033115",100000,"2950911000001103","Supralip 160mg tablets (Viatris UK Healthcare Ltd)","Supralip 160mg tablets","Tablet","Oral","Fenofibrate micronised","160.000mg","02120000","0212000P0BCAAAE","02120000","Supralip 160mg tablets",1,1,0,0,0,0,0,0,0,0,0,0,0,0,1,0,0,0,0,0,0,0,0,0,0,0,0,1,1,,,,1,1,1,,
"1862741000033111",100000,"2952311000001100","Lipantil Micro 200 capsules (Viatris UK Healthcare Ltd)","Lipantil Micro 200 capsules","Capsule","Oral","Fenofibrate micronised","200.000mg","02120000","0212000P0BBABAB","02120000","Lipantil Micro 200 capsules",1,1,0,0,0,0,0,0,0,0,0,0,0,0,1,0,0,0,0,0,0,0,0,0,0,0,0,1,1,,,,1,1,1,,
"634541000033110",100000,"319964008","Gemfibrozil 600mg tablets","Gemfibrozil 600mg tablets","Tablet","Oral","Gemfibrozil","600.000mg","02120000","","","",1,1,0,0,0,0,0,0,0,0,0,0,0,0,0,0,1,0,0,0,0,0,0,0,0,0,0,1,,,,,,,,,
"233841000033113",100000,"320036007","Cerivastatin 200microgram tablets","Cerivastatin 200microgram tablets","Tablet","Oral","Cerivastatin sodium","200.000microgram","02120000","","","",1,1,0,0,0,0,0,1,0,0,0,0,0,0,0,0,0,0,0,0,0,0,0,0,0,0,1,1,1,1,1,1,,,,,
"2891841000033113",100000,"4171011000001104","Crestor 10mg tablets (AstraZeneca UK Ltd)","Crestor 10mg tablets","Tablet","Oral","Rosuvastatin calcium","10.000mg","02120000","0212000AABBAAAA","02120000","Crestor 10mg tablets",1,1,0,0,0,0,0,0,0,0,0,0,0,0,0,0,0,0,0,0,0,0,0,0,1,0,1,1,1,1,1,1,1,1,1,1,
"836441000033114",100000,"484211000001108","Lipitor 40mg tablets (Viatris UK Healthcare Ltd)","Lipitor 40mg tablets","Tablet","Oral","Atorvastatin calcium trihydrate","40.000mg","02120000","0212000B0BBACAC","02120000","Lipitor 40mg tablets",1,1,0,0,1,0,0,0,0,0,0,0,0,0,0,0,0,0,0,0,0,0,0,0,0,0,1,1,1,1,1,1,1,1,1,1,
"2973941000033116",100000,"4896211000001101","Simvador 10mg tablets (Dexcel-Pharma Ltd)","Simvador 10mg tablets","Tablet","Oral","Simvastatin","10.000mg","02120000","0212000Y0BDAAAA","02120000","Simvador 10mg tablets",1,1,0,0,0,0,0,0,0,0,0,0,0,0,0,0,0,0,0,0,0,0,0,0,0,1,1,1,1,1,1,1,1,1,1,1,1
"834841000033118",100000,"802411000001108","Lipostat 10mg tablets (Bristol-Myers Squibb Pharmaceuticals Ltd)","Lipostat 10mg tablets","Tablet","Oral","Pravastatin sodium","10.000mg","02120000","0212000X0BBAAAA","02120000","Lipostat 10mg tablets",1,1,0,0,0,0,0,0,0,0,0,0,0,0,0,0,0,0,0,0,0,0,0,1,0,0,1,1,1,1,1,1,,,1,1,1
"3292441000033116",90000,"414177002","Simvastatin 20mg / Ezetimibe 10mg tablets","Simvastatin 20mg / Ezetimibe 10mg tablets","Tablet","Oral","Ezetimibe/ Simvastatin","10.000mg + 20.000mg","02120000","","","",1,1,0,0,0,0,0,0,0,0,0,0,0,1,0,0,0,0,0,0,0,0,0,0,0,1,1,2,1,1,1,1,,,,,
"834941000033114",90000,"454111000001107","Lipostat 20mg tablets (Bristol-Myers Squibb Pharmaceuticals Ltd)","Lipostat 20mg tablets","Tablet","Oral","Pravastatin sodium","20.000mg","02120000","0212000X0BBABAB","02120000","Lipostat 20mg tablets",1,1,0,0,0,0,0,0,0,0,0,0,0,0,0,0,0,0,0,0,0,0,0,1,0,0,1,1,1,1,1,1,1,1,1,1,1
"144941000033118",70000,"130711000001102","Bezalip 200mg tablets (Teva UK Ltd)","Bezalip 200mg tablets","Tablet","Oral","Bezafibrate","200.000mg","02120000","0212000D0BBAAAA","02120000","Bezalip 200mg tablets",1,1,0,0,0,0,1,0,0,0,0,0,0,0,0,0,0,0,0,0,0,0,0,0,0,0,0,1,1,,,,1,1,1,,
"627841000033118",70000,"319966005","Gemfibrozil 300mg capsules","Gemfibrozil 300mg capsules","Capsule","Oral","Gemfibrozil","300.000mg","02120000","","","",1,1,0,0,0,0,0,0,0,0,0,0,0,0,0,0,1,0,0,0,0,0,0,0,0,0,0,1,,,,,,,,,
"1916841000033114",70000,"320041004","Cerivastatin 400microgram tablets","Cerivastatin 400microgram tablets","Tablet","Oral","Cerivastatin sodium","400.000microgram","02120000","","","",1,1,0,0,0,0,0,1,0,0,0,0,0,0,0,0,0,0,0,0,0,0,0,0,0,0,1,1,1,1,1,1,,,,,
"936941000033113",50000,"16207911000001106","Modalim 100mg tablets (Lexon (UK) Ltd)","Modalim 100mg tablets","Tablet","Oral","Ciprofibrate","100.000mg","","","","",1,1,0,0,0,0,0,0,1,0,0,0,0,0,0,0,0,0,0,0,0,0,0,0,0,0,0,1,,,,,,,,,
"1862641000033119",50000,"2957911000001102","Lipantil Micro 267 capsules (Viatris UK Healthcare Ltd)","Lipantil Micro 267 capsules","Capsule","Oral","Fenofibrate micronised","267.000mg","02120000","0212000P0BBADAD","02120000","Lipantil Micro 267 capsules",1,1,0,0,0,0,0,0,0,0,0,0,0,0,1,0,0,0,0,0,0,0,0,0,0,0,0,1,1,,,,1,1,1,,
"6468841000033114",40000,"19722511000001105","Atorvastatin 20mg chewable tablets sugar free","Atorvastatin 20mg chewable tablets sugar free","Chewable tablet","Oral","Atorvastatin calcium trihydrate","20.000mg","02120000","0212000B0AAAMAM","02120000","Atorvastatin 20mg chewable tablets sugar free",1,1,0,0,1,0,0,0,0,0,0,0,0,0,0,0,0,0,0,0,0,0,0,0,0,0,1,1,1,1,1,1,1,1,1,1,1
"7861541000033111",40000,"20528611000001105","Atorvastatin 60mg tablets","Atorvastatin 60mg tablets","Tablet","Oral","Atorvastatin calcium trihydrate","60.000mg","02120000","0212000B0AAAPAP","02120000","Atorvastatin 60mg tablets",1,1,0,0,1,0,0,0,0,0,0,0,0,0,0,0,0,0,0,0,0,0,0,0,0,0,1,1,1,1,1,1,1,1,1,1,
"2841000033117",40000,"319984007","Acipimox 250mg capsules","Acipimox 250mg capsules","Capsule","Oral","Acipimox","250.000mg","02120000","","","",1,1,1,0,0,0,0,0,0,0,0,0,0,0,0,0,0,0,0,0,0,0,0,0,0,0,0,1,,,,,,,,,
"233941000033117",40000,"320037003","Cerivastatin 300microgram tablets","Cerivastatin 300microgram tablets","Tablet","Oral","Cerivastatin sodium","300.000microgram","02120000","","","",1,1,0,0,0,0,0,1,0,0,0,0,0,0,0,0,0,0,0,0,0,0,0,0,0,0,1,1,1,1,1,1,,,,,
"328141000033117",40000,"4090511000001101","Colestipol 5g granules sachets sugar free","Colestipol 5g granules sachets sugar free","Granules","Oral","Colestipol hydrochloride","5.000gram","02120000","0212000K0AAAAAA","02120000","Colestipol 5g gran for susp sachets sugar free",1,1,0,0,0,0,0,0,0,0,1,0,0,0,0,0,0,0,0,0,0,0,0,0,0,0,0,1,1,,,,1,1,1,,
"3292641000033119",40000,"414179004","Simvastatin 80mg / Ezetimibe 10mg tablets","Simvastatin 80mg / Ezetimibe 10mg tablets","Tablet","Oral","Ezetimibe/ Simvastatin","10.000mg + 80.000mg","02120000","","","",1,1,0,0,0,0,0,0,0,0,0,0,0,1,0,0,0,0,0,0,0,0,0,0,0,1,1,2,1,1,1,1,,,,,
"836541000033110",40000,"535011000001102","Lipostat 40mg tablets (Bristol-Myers Squibb Pharmaceuticals Ltd)","Lipostat 40mg tablets","Tablet","Oral","Pravastatin sodium","40.000mg","02120000","0212000X0BBACAD","02120000","Lipostat 40mg tablets",1,1,0,0,0,0,0,0,0,0,0,0,0,0,0,0,0,0,0,0,0,0,0,1,0,0,1,1,1,1,1,1,1,1,1,1,1
"1562241000033118",40000,"859611000001107","Zocor 40mg tablets (Organon Pharma (UK) Ltd)","Zocor 40mg tablets","Tablet","Oral","Simvastatin","40.000mg","02120000","0212000Y0BBACAD","02120000","Zocor 40mg tablets",1,1,0,0,0,0,0,0,0,0,0,0,0,0,0,0,0,0,0,0,0,0,0,0,0,1,1,1,1,1,1,1,1,1,1,1,1
"3836141000033113",40000,"9747511000001107","Crestor 5mg tablets (AstraZeneca UK Ltd)","Crestor 5mg tablets","Tablet","Oral","Rosuvastatin calcium","5.000mg","02120000","0212000AABBADAD","02120000","Crestor 5mg tablets",1,1,0,0,0,0,0,0,0,0,0,0,0,0,0,0,0,0,0,0,0,0,0,0,1,0,1,1,1,1,1,1,1,1,1,1,1
"4310941000033117",30000,"12556311000001105","Cholestagel 625mg tablets (Neon Healthcare Ltd)","Cholestagel 625mg tablets","Tablet","Oral","Colesevelam hydrochloride","625.000mg","02120000","0212000ADBBAAAA","02120000","Cholestagel 625mg tablets",1,1,0,0,0,0,0,0,0,1,0,0,0,0,0,0,0,0,0,0,0,0,0,0,0,0,0,1,1,,,,1,1,1,,
"2891941000033117",30000,"4171311000001101","Crestor 20mg tablets (AstraZeneca UK Ltd)","Crestor 20mg tablets","Tablet","Oral","Rosuvastatin calcium","20.000mg","02120000","0212000AABBABAB","02120000","Crestor 20mg tablets",1,1,0,0,0,0,0,0,0,0,0,0,0,0,0,0,0,0,0,0,0,0,0,0,1,0,1,1,1,1,1,1,1,1,1,1,
"836641000033111",30000,"4535911000001106","Lipobay 100microgram tablets (Bayer Plc)","Lipobay 100microgram tablets","Tablet","Oral","Cerivastatin sodium","100.000microgram","02120000","0212000C0BBAAAA","02120000","Lipobay 100microgram tablets",1,1,0,0,0,0,0,1,0,0,0,0,0,0,0,0,0,0,0,0,0,0,0,0,0,0,1,1,1,1,1,1,,,1,,
"2261141000033113",30000,"756111000001109","Lipitor 80mg tablets (Viatris UK Healthcare Ltd)","Lipitor 80mg tablets","Tablet","Oral","Atorvastatin calcium trihydrate","80.000mg","02120000","0212000B0BBADAD","02120000","Lipitor 80mg tablets",1,1,0,0,1,0,0,0,0,0,0,0,0,0,0,0,0,0,0,0,0,0,0,0,0,0,1,1,1,1,1,1,1,1,1,1,
"819941000033119",30000,"84811000001104","Lescol 20mg capsules (Novartis Pharmaceuticals UK Ltd)","Lescol 20mg capsules","Capsule","Oral","Fluvastatin sodium","20.000mg","02120000","0212000M0BBAAAA","02120000","Lescol 20mg capsules",1,1,0,0,0,0,0,0,0,0,0,0,0,0,0,1,0,0,0,0,0,0,0,0,0,0,1,1,1,1,1,1,1,1,1,1,1
"565741000033115",20000,"","Fenofibrate  Capsules  100 mg","","","","","","","","","",1,1,0,0,0,0,0,0,0,0,0,0,0,0,1,0,0,0,0,0,0,0,0,0,0,0,0,1,,,,,,,,,
"5817741000033114",20000,"17369311000001105","Simvastatin 20mg/5ml oral suspension sugar free","Simvastatin 20mg/5ml oral suspension sugar free","Oral suspension","Oral","Simvastatin","4.000mg/1.000ml","02120000","0212000Y0AAAKAK","02120000","Simvastatin 20mg/5ml oral suspension sugar free",1,1,0,0,0,0,0,0,0,0,0,0,0,0,0,0,0,0,0,0,0,0,0,0,0,1,1,1,1,1,1,1,1,1,1,,
"5817841000033116",20000,"17429811000001102","Simvastatin 40mg/5ml oral suspension sugar free","Simvastatin 40mg/5ml oral suspension sugar free","Oral suspension","Oral","Simvastatin","8.000mg/1.000ml","02120000","0212000Y0AAALAL","02120000","Simvastatin 40mg/5ml oral suspension sugar free",1,1,0,0,0,0,0,0,0,0,0,0,0,0,0,0,0,0,0,0,0,0,0,0,0,1,1,1,1,1,1,1,1,1,1,,
"6468641000033113",20000,"19722411000001106","Atorvastatin 10mg chewable tablets sugar free","Atorvastatin 10mg chewable tablets sugar free","Chewable tablet","Oral","Atorvastatin calcium trihydrate","10.000mg","02120000","0212000B0AAALAL","02120000","Atorvastatin 10mg chewable tablets sugar free",1,1,0,0,1,0,0,0,0,0,0,0,0,0,0,0,0,0,0,0,0,0,0,0,0,0,1,1,1,1,1,1,1,1,1,1,1
"7861441000033110",20000,"20528511000001106","Atorvastatin 30mg tablets","Atorvastatin 30mg tablets","Tablet","Oral","Atorvastatin calcium trihydrate","30.000mg","02120000","0212000B0AAANAN","02120000","Atorvastatin 30mg tablets",1,1,0,0,1,0,0,0,0,0,0,0,0,0,0,0,0,0,0,0,0,0,0,0,0,0,1,1,1,1,1,1,1,1,1,1,
"8275241000033118",20000,"22024211000001105","Prestylon 1g capsules (Teva UK Ltd)","Prestylon 1g capsules","Capsule","Oral","Docosahexaenoic acid/ Eicosapentaenoic acid","380.000mg + 460.000mg","02120000","0212000ABBDAAAA","02120000","Prestylon 1g capsules",1,1,0,0,0,0,0,0,0,0,0,0,0,0,0,0,0,0,0,0,0,1,0,0,0,0,0,1,1,,,,1,1,1,,
"3281941000033115",20000,"319978009","Eicosapentaenoic acid 170mg / Docosahexaenoic acid 115mg capsules","","","","","","","","","",1,1,0,0,0,0,0,0,0,0,0,0,0,0,0,0,0,0,0,0,0,1,0,0,0,0,0,1,,,,,,,,,
"838941000033115",20000,"383511000001102","Lopid 300mg capsules (Pfizer Ltd)","Lopid 300mg capsules","Capsule","Oral","Gemfibrozil","300.000mg","02120000","0212000Q0BBAAAA","02120000","Lopid 300mg capsules",1,1,0,0,0,0,0,0,0,0,0,0,0,0,0,0,1,0,0,0,0,0,0,0,0,0,0,1,1,,,,1,1,1,,
"851541000033119",20000,"389111000001109","Lopid 600mg tablets (Pfizer Ltd)","Lopid 600mg tablets","Tablet","Oral","Gemfibrozil","600.000mg","02120000","0212000Q0BBABAB","02120000","Lopid 600mg tablets",1,1,0,0,0,0,0,0,0,0,0,0,0,0,0,0,1,0,0,0,0,0,0,0,0,0,0,1,1,,,,1,1,1,,
"328341000033119",20000,"4083011000001103","Colestid 5g granules sachets plain (Pfizer Ltd)","Colestid 5g granules sachets plain","Granules","Oral","Colestipol hydrochloride","5.000gram","02120000","0212000K0BBAAAA","02120000","Colestid 5g granules for oral suspension sachets plain",1,1,0,0,0,0,0,0,0,0,1,0,0,0,0,0,0,0,0,0,0,0,0,0,0,0,0,1,1,,,,1,1,1,,
"820041000033116",20000,"409611000001108","Lescol 40mg capsules (Novartis Pharmaceuticals UK Ltd)","Lescol 40mg capsules","Capsule","Oral","Fluvastatin sodium","40.000mg","02120000","0212000M0BBABAB","02120000","Lescol 40mg capsules",1,1,0,0,0,0,0,0,0,0,0,0,0,0,0,1,0,0,0,0,0,0,0,0,0,0,1,1,1,1,1,1,1,1,1,1,1
"3304141000033110",20000,"8722111000001104","Simvastatin 20mg/5ml oral suspension","Simvastatin 20mg/5ml oral suspension","Oral suspension","Oral","Simvastatin","4.000mg/1.000ml","02120000","0212000Y0AAAGAG","02120000","Simvastatin 20mg/5ml oral liquid",1,1,0,0,0,0,0,0,0,0,0,0,0,0,0,0,0,0,0,0,0,0,0,0,0,1,1,1,1,1,1,1,,,1,,
"359541000033118",10000,"","Colestipol Hydrochloride  Sachets (orange)  5 grams/sachet","","","","","","","","","",1,1,0,0,0,0,0,0,0,0,1,0,0,0,0,0,0,0,0,0,0,0,0,0,0,0,0,1,,,,,,,,,
"863241000033112",10000,"279311000001109","MaxEPA liquid (Seven Seas Ltd)","MaxEPA liquid","Liquid","Oral","Docosahexaenoic acid/ Eicosapentaenoic acid","115.000mg/1.000gram + 170.000mg/1.000gram","02120000","0212000V0BBAAAA","02120000","MaxEPA liquid",1,1,0,0,0,0,0,0,0,0,0,0,0,0,0,0,0,0,0,0,0,1,0,0,0,0,0,1,1,,,,,,1,,
"836941000033116",10000,"2957011000001101","Lipantil Micro 67 capsules (Viatris UK Healthcare Ltd)","Lipantil Micro 67 capsules","Capsule","Oral","Fenofibrate micronised","67.000mg","02120000","0212000P0BBACAC","02120000","Lipantil Micro 67 capsules",1,1,0,0,0,0,0,0,0,0,0,0,0,0,1,0,0,0,0,0,0,0,0,0,0,0,0,1,1,,,,1,1,1,,
"2994141000033114",10000,"36031411000001105","Nicotinic acid 1g modified-release tablets","Nicotinic acid 1g modified-release tablets","Modified-release tablet","Oral","Nicotinic acid","1.000gram","02120000","0212000U0AAAXAX","02120000","Nicotinic acid 1g modified-release tablets",1,1,0,0,0,0,0,0,0,0,0,0,0,0,0,0,0,0,0,0,1,0,0,0,0,0,0,1,1,,,,,,1,,
"2849841000033117",10000,"36031511000001109","Nicotinic acid 500mg modified-release tablets","Nicotinic acid 500mg modified-release tablets","Modified-release tablet","Oral","Nicotinic acid","500.000mg","02120000","0212000U0AAAVAV","02120000","Nicotinic acid 500mg modified-release tablets",1,1,0,0,0,0,0,0,0,0,0,0,0,0,0,0,0,0,0,0,1,0,0,0,0,0,0,1,1,,,,1,1,1,,
"359441000033119",10000,"4083711000001101","Colestid Orange 5g granules sachets (Pfizer Ltd)","Colestid Orange 5g granules sachets","Granules","Oral","Colestipol hydrochloride","5.000gram","02120000","0212000K0BBABAA","02120000","Colestid Orange 5g granules sachets",1,1,0,0,0,0,0,0,0,0,1,0,0,0,0,0,0,0,0,0,0,0,0,0,0,0,0,1,1,,,,1,1,1,,
"2994241000033119",10000,"4993311000001109","Niaspan 500mg modified-release tablets (Abbott Laboratories Ltd)","Niaspan 500mg modified-release tablets","Modified-release tablet","Oral","Nicotinic acid","500.000mg","02120000","0212000U0BFAAAV","02120000","Niaspan 500mg modified-release tablets",1,1,0,0,0,0,0,0,0,0,0,0,0,0,0,0,0,0,0,0,1,0,0,0,0,0,0,1,1,,,,,,1,,
"2994441000033118",10000,"4994211000001103","Niaspan 1g modified-release tablets (Abbott Laboratories Ltd)","Niaspan 1g modified-release tablets","Modified-release tablet","Oral","Nicotinic acid","1.000gram","02120000","0212000U0BFACAX","02120000","Niaspan 1g modified-release tablets",1,1,0,0,0,0,0,0,0,0,0,0,0,0,0,0,0,0,0,0,1,0,0,0,0,0,0,1,1,,,,,,1,,
"3292741000033111",10000,"9309911000001100","Inegy 10mg/20mg tablets (Organon Pharma (UK) Ltd)","Inegy 10mg/20mg tablets","Tablet","Oral","Ezetimibe/ Simvastatin","10.000mg + 20.000mg","02120000","0212000ACBBAAAA","02120000","Inegy 10mg/20mg tablets",1,1,0,0,0,0,0,0,0,0,0,0,0,1,0,0,0,0,0,0,0,0,0,0,0,1,1,2,1,1,1,1,1,1,1,1,1
"3292841000033118",10000,"9310311000001108","Inegy 10mg/40mg tablets (Organon Pharma (UK) Ltd)","Inegy 10mg/40mg tablets","Tablet","Oral","Ezetimibe/ Simvastatin","10.000mg + 40.000mg","02120000","0212000ACBBABAB","02120000","Inegy 10mg/40mg tablets",1,1,0,0,0,0,0,0,0,0,0,0,0,1,0,0,0,0,0,0,0,0,0,0,0,1,1,2,1,1,1,1,1,1,1,1,1
"974841000033113",9000,"319971003","Nicotinic acid 50mg tablets","","","","","","","","","",1,1,0,0,0,0,0,0,0,0,0,0,0,0,0,0,0,0,0,0,1,0,0,0,0,0,0,1,,,,,,,,,
"1003341000033117",9000,"3698311000001102","Olbetam 250mg capsules (Pfizer Ltd)","Olbetam 250mg capsules","Capsule","Oral","Acipimox","250.000mg","02120000","0212000A0BBAAAA","02120000","Olbetam 250mg capsules",1,1,1,0,0,0,0,0,0,0,0,0,0,0,0,0,0,0,0,0,0,0,0,0,0,0,0,1,1,,,,1,1,,,
"836741000033119",9000,"4537511000001108","Lipobay 200microgram tablets (Bayer Plc)","Lipobay 200microgram tablets","Tablet","Oral","Cerivastatin sodium","200.000microgram","02120000","0212000C0BBABAB","02120000","Lipobay 200microgram tablets",1,1,0,0,0,0,0,1,0,0,0,0,0,0,0,0,0,0,0,0,0,0,0,0,0,0,1,1,1,1,1,1,,,1,,
"828041000033118",8000,"","Lipantil  Capsules  100 mg","","","","","","","","","",1,1,0,0,0,0,0,0,0,0,0,0,0,0,1,0,0,0,0,0,0,0,0,0,0,0,0,1,,,,,,,,,
"4152341000033115",8000,"13894411000001106","Simvastatin 40mg/5ml oral suspension","Simvastatin 40mg/5ml oral suspension","Oral suspension","Oral","Simvastatin","8.000mg/1.000ml","02120000","0212000Y0AAAMAM","02120000","Simvastatin 40mg/5ml oral liquid",1,1,0,0,0,0,0,0,0,0,0,0,0,0,0,0,0,0,0,0,0,0,0,0,0,1,1,1,1,1,1,1,,,1,,
"2189141000033114",8000,"378111000001106","Lescol XL 80mg tablets (Novartis Pharmaceuticals UK Ltd)","Lescol XL 80mg tablets","Modified-release tablet","Oral","Fluvastatin sodium","80.000mg","02120000","0212000M0BBACAD","02120000","Lescol XL 80mg tablets",1,1,0,0,0,0,0,0,0,0,0,0,0,0,0,1,0,0,0,0,0,0,0,0,0,0,1,1,1,1,1,1,1,1,1,1,1
"13742041000033111",8000,"38931511000001109","Bempedoic acid 180mg tablets","Bempedoic acid 180mg tablets","Tablet","Oral","Bempedoic acid","180.000mg","02120000","0212000AKAAAAAA","02120000","Bempedoic acid 180mg tablets",1,1,0,0,0,1,0,0,0,0,0,0,0,0,0,0,0,0,0,0,0,0,0,0,0,0,0,1,1,,,,1,1,1,,
"4805841000033118",7000,"15914911000001101","Nicotinic acid 1g / Laropiprant 20mg modified-release tablets","Nicotinic acid 1g / Laropiprant 20mg modified-release tablets","Modified-release tablet","Oral","Laropiprant/ Nicotinic acid","20.000mg + 1.000gram","02120000","0212000AEAAAAAA","02120000","Nicotinic acid 1g / Laropiprant 20mg modified-release tabs",1,1,0,0,0,0,0,0,0,0,0,0,0,0,0,0,0,0,0,0,1,0,0,0,0,0,0,1,1,,,,,,1,,
"2994041000033110",6000,"36031611000001108","Nicotinic acid 750mg modified-release tablets","Nicotinic acid 750mg modified-release tablets","Modified-release tablet","Oral","Nicotinic acid","750.000mg","02120000","0212000U0AAAWAW","02120000","Nicotinic acid 750mg modified-release tablets",1,1,0,0,0,0,0,0,0,0,0,0,0,0,0,0,0,0,0,0,1,0,0,0,0,0,0,1,1,,,,,,1,,
"5244841000033110",5000,"15871411000001108","Tredaptive 1000mg/20mg modified-release tablets (Organon Pharma (UK) Ltd)","Tredaptive 1000mg/20mg modified-release tablets","Modified-release tablet","Oral","Laropiprant/ Nicotinic acid","20.000mg + 1.000gram","02120000","0212000AEBBAAAA","02120000","Tredaptive 1000mg/20mg modified-release tablets",1,1,0,0,0,0,0,0,0,0,0,0,0,0,0,0,0,0,0,0,1,0,0,0,0,0,0,1,1,,,,,,1,,
"13742241000033115",5000,"38931411000001105","Bempedoic acid 180mg / Ezetimibe 10mg tablets","Bempedoic acid 180mg / Ezetimibe 10mg tablets","Tablet","Oral","Bempedoic acid/ Ezetimibe","180.000mg + 10.000mg","02120000","0212000ALAAAAAA","02120000","Bempedoic acid 180mg / Ezetimibe 10mg tablets",1,1,0,0,0,1,0,0,0,0,0,0,0,1,0,0,0,0,0,0,0,0,0,0,0,0,0,2,1,,,,1,1,1,,
"2994341000033112",5000,"4993911000001105","Niaspan 750mg modified-release tablets (Abbott Laboratories Ltd)","Niaspan 750mg modified-release tablets","Modified-release tablet","Oral","Nicotinic acid","750.000mg","02120000","0212000U0BFABAW","02120000","Niaspan 750mg modified-release tablets",1,1,0,0,0,0,0,0,0,0,0,0,0,0,0,0,0,0,0,0,1,0,0,0,0,0,0,1,1,,,,,,1,,
"3868741000033118",4000,"14018311000001109","Atorvastatin 20mg/5ml oral suspension","Atorvastatin 20mg/5ml oral suspension","Oral suspension","Oral","Atorvastatin calcium trihydrate","4.000mg/1.000ml","02120000","0212000B0AAAQAQ","02120000","Atorvastatin 20mg/5ml oral suspension",1,1,0,0,1,0,0,0,0,0,0,0,0,0,0,0,0,0,0,0,0,0,0,0,0,0,1,1,1,1,1,1,1,1,1,,
"4941641000033116",4000,"15158611000001106","Simvador 80mg tablets (Dexcel-Pharma Ltd)","Simvador 80mg tablets","Tablet","Oral","Simvastatin","80.000mg","02120000","0212000Y0BDADAH","02120000","Simvador 80mg tablets",1,1,0,0,0,0,0,0,0,0,0,0,0,0,0,0,0,0,0,0,0,0,0,0,0,1,1,1,1,1,1,1,1,1,1,1,
"8127541000033114",4000,"21393711000001109","Teromeg 1000mg capsules (Advanz Pharma)","Teromeg 1000mg capsules","Capsule","Oral","Docosahexaenoic acid/ Eicosapentaenoic acid","380.000mg + 460.000mg","02120000","0212000ABBCAAAA","02120000","Teromeg 1000mg capsules",1,1,0,0,0,0,0,0,0,0,0,0,0,0,0,0,0,0,0,0,0,1,0,0,0,0,0,1,1,,,,1,1,1,,
"2892041000033111",4000,"4172111000001108","Crestor 40mg tablets (AstraZeneca UK Ltd)","Crestor 40mg tablets","Tablet","Oral","Rosuvastatin calcium","40.000mg","02120000","0212000AABBACAC","02120000","Crestor 40mg tablets",1,1,0,0,0,0,0,0,0,0,0,0,0,0,0,0,0,0,0,0,0,0,0,0,1,0,1,1,1,1,1,1,1,1,1,1,
"2066341000033111",3000,"113211000001106","Zocor 80mg tablets (Organon Pharma (UK) Ltd)","Zocor 80mg tablets","Tablet","Oral","Simvastatin","80.000mg","02120000","0212000Y0BBADAH","02120000","Zocor 80mg tablets",1,1,0,0,0,0,0,0,0,0,0,0,0,0,0,0,0,0,0,0,0,0,0,0,0,1,1,1,1,1,1,1,1,1,1,1,
"836841000033112",3000,"4566311000001105","Lipobay 300microgram tablets (Bayer Plc)","Lipobay 300microgram tablets","Tablet","Oral","Cerivastatin sodium","300.000microgram","02120000","0212000C0BBACAC","02120000","Lipobay 300microgram tablets",1,1,0,0,0,0,0,1,0,0,0,0,0,0,0,0,0,0,0,0,0,0,0,0,0,0,1,1,1,1,1,1,,,1,,
"2994541000033117",2000,"","Nicotinic Acid Titration Starter Pack  M/R tablets  7 x 375 mg, 7 x 500 mg, 7 x 750 mg","","","","","","","","","",1,1,0,0,0,0,0,0,0,0,0,0,0,0,0,0,0,0,0,0,1,0,0,0,0,0,0,1,,,,,,,,,
"6469041000033110",2000,"19719311000001104","Lipitor 10mg chewable tablets (Viatris UK Healthcare Ltd)","Lipitor 10mg chewable tablets","Chewable tablet","Oral","Atorvastatin calcium trihydrate","10.000mg","02120000","0212000B0BBAEAL","02120000","Lipitor 10mg chewable tablets",1,1,0,0,1,0,0,0,0,0,0,0,0,0,0,0,0,0,0,0,0,0,0,0,0,0,1,1,1,1,1,1,1,1,1,1,1
"6469141000033114",2000,"19719611000001109","Lipitor 20mg chewable tablets (Viatris UK Healthcare Ltd)","Lipitor 20mg chewable tablets","Chewable tablet","Oral","Atorvastatin calcium trihydrate","20.000mg","02120000","0212000B0BBAFAM","02120000","Lipitor 20mg chewable tablets",1,1,0,0,1,0,0,0,0,0,0,0,0,0,0,0,0,0,0,0,0,0,0,0,0,0,1,1,1,1,1,1,1,1,1,1,1
"13742341000033113",2000,"38755111000001109","Nustendi 180mg/10mg tablets (Daiichi Sankyo UK Ltd)","Nustendi 180mg/10mg tablets","Tablet","Oral","Bempedoic acid/ Ezetimibe","180.000mg + 10.000mg","02120000","0212000ALBBAAAA","02120000","Nustendi 180mg/10mg tablets",1,1,0,0,0,1,0,0,0,0,0,0,0,1,0,0,0,0,0,0,0,0,0,0,0,0,0,2,1,,,,1,1,1,,
"13889441000033116",2000,"39495111000001106","Inclisiran 284mg/1.5ml solution for injection pre-filled syringes","Inclisiran 284mg/1.5ml solution for injection pre-filled syringes","Solution for injection","Subcutaneous","Inclisiran sodium","189.000mg/1.000ml","02120000","0212000AMAAAAAA","02120000","Inclisiran 284mg/1.5ml inj pre-filled syringes",1,1,0,0,0,0,0,0,0,0,0,0,0,0,0,0,0,0,1,0,0,0,0,0,0,0,0,1,,,,,,,,,
"13860841000033113",2000,"39832311000001101","Rosuvastatin 10mg capsules","Rosuvastatin 10mg capsules","Capsule","Oral","Rosuvastatin calcium","10.000mg","02120000","0212000AAAAAGAG","02120000","Rosuvastatin 10mg capsules",1,1,0,0,0,0,0,0,0,0,0,0,0,0,0,0,0,0,0,0,0,0,0,0,1,0,1,1,,,,,,,,,
"13860741000033115",2000,"39832611000001106","Rosuvastatin 5mg capsules","Rosuvastatin 5mg capsules","Capsule","Oral","Rosuvastatin calcium","5.000mg","02120000","0212000AAAAAFAF","02120000","Rosuvastatin 5mg capsules",1,1,0,0,0,0,0,0,0,0,0,0,0,0,0,0,0,0,0,0,0,0,0,0,1,0,1,1,,,,,,,,,
"6453641000033112",2000,"7531411000001106","Fibrazate XL 400mg tablets (Sandoz Ltd)","Fibrazate XL 400mg tablets","Modified-release tablet","Oral","Bezafibrate","400.000mg","02120000","0212000D0BFAAAB","02120000","Fibrazate XL 400mg tablets",1,1,0,0,0,0,1,0,0,0,0,0,0,0,0,0,0,0,0,0,0,0,0,0,0,0,0,1,1,,,,1,1,1,,
"3292941000033114",2000,"9310611000001103","Inegy 10mg/80mg tablets (Organon Pharma (UK) Ltd)","Inegy 10mg/80mg tablets","Tablet","Oral","Ezetimibe/ Simvastatin","10.000mg + 80.000mg","02120000","0212000ACBBACAC","02120000","Inegy 10mg/80mg tablets",1,1,0,0,0,0,0,0,0,0,0,0,0,1,0,0,0,0,0,0,0,0,0,0,0,1,1,2,1,1,1,1,1,1,1,1,
"974641000033112",1000,"","Nicotinic Acid  Tablets  100 mg","","","","","","","","","",1,1,0,0,0,0,0,0,0,0,0,0,0,0,0,0,0,0,0,0,1,0,0,0,0,0,0,1,,,,,,,,,
"5990541000033112",1000,"14018211000001101","Atorvastatin 20mg/5ml oral solution","Atorvastatin 20mg/5ml oral solution","Oral solution","Oral","Atorvastatin calcium trihydrate","4.000mg/1.000ml","02120000","0212000B0AAAFAF","02120000","Atorvastatin 20mg/5ml oral solution",1,1,0,0,1,0,0,0,0,0,0,0,0,0,0,0,0,0,0,0,0,0,0,0,0,0,1,1,1,1,1,1,1,1,1,,
"10618041000033112",1000,"30738011000001103","Evolocumab 140mg/1ml solution for injection pre-filled disposable devices","Evolocumab 140mg/1ml solution for injection pre-filled disposable devices","Solution for injection","Subcutaneous","Evolocumab","140.000mg/1.000ml","02120000","0212000AHAAAAAA","02120000","Evolocumab 140mg/1ml inj pre-filled disposable devices",1,1,0,0,0,0,0,0,0,0,0,0,1,0,0,0,0,0,0,0,0,0,0,0,0,0,0,1,1,,,,1,1,1,,
"3282041000033114",1000,"36071811000001105","Eicosapentaenoic acid 170mg/g / Docosahexaenoic acid 115mg/g oral liquid","Eicosapentaenoic acid 170mg/g / Docosahexaenoic acid 115mg/g oral liquid","Liquid","Oral","Docosahexaenoic acid/ Eicosapentaenoic acid","115.000mg/1.000gram + 170.000mg/1.000gram","02120000","0212000V0AAAAAA","02120000","Eicosapent acid 170mg/Docosahexaenoic acid 115mg/g oral liq",1,1,0,0,0,0,0,0,0,0,0,0,0,0,0,0,0,0,0,0,0,1,0,0,0,0,0,1,1,,,,,,1,,
"13860941000033117",1000,"39832411000001108","Rosuvastatin 20mg capsules","Rosuvastatin 20mg capsules","Capsule","Oral","Rosuvastatin calcium","20.000mg","02120000","0212000AAAAAHAH","02120000","Rosuvastatin 20mg capsules",1,1,0,0,0,0,0,0,0,0,0,0,0,0,0,0,0,0,0,0,0,0,0,0,1,0,1,1,,,,,,,,,
"14021741000033118",1000,"40573211000001102","Atorvastatin 20mg/5ml oral suspension sugar free","Atorvastatin 20mg/5ml oral suspension sugar free","Oral suspension","Oral","Atorvastatin calcium trihydrate","4.000mg/1.000ml","02120000","0212000B0AAASAS","02120000","Atorvastatin 20mg/5ml oral suspension sugar free",1,1,0,0,1,0,0,0,0,0,0,0,0,0,0,0,0,0,0,0,0,0,0,0,0,0,1,1,,,,,,,,,
"1916741000033116",1000,"4538111000001103","Lipobay 400microgram tablets (Bayer Plc)","Lipobay 400microgram tablets","Tablet","Oral","Cerivastatin sodium","400.000microgram","02120000","0212000C0BBADAD","02120000","Lipobay 400microgram tablets",1,1,0,0,0,0,0,1,0,0,0,0,0,0,0,0,0,0,0,0,0,0,0,0,0,0,1,1,1,1,1,1,,,1,,
"5897841000033117",900,"14158611000001100","Atorvastatin 10mg/5ml oral solution","Atorvastatin 10mg/5ml oral solution","Oral solution","Oral","Atorvastatin calcium trihydrate","2.000mg/1.000ml","02120000","0212000B0AAAHAH","02120000","Atorvastatin 10mg/5ml oral solution",1,1,0,0,1,0,0,0,0,0,0,0,0,0,0,0,0,0,0,0,0,0,0,0,0,0,1,1,1,1,1,1,1,1,1,,
"9118541000033115",900,"24096011000001105","Nebbaro 1000mg capsules (Zentiva Pharma UK Ltd)","Nebbaro 1000mg capsules","Capsule","Oral","Docosahexaenoic acid/ Eicosapentaenoic acid","380.000mg + 460.000mg","02120000","0212000ABBFAAAA","02120000","Nebbaro 1000mg capsules",1,1,0,0,0,0,0,0,0,0,0,0,0,0,0,0,0,0,0,0,0,1,0,0,0,0,0,1,1,,,,1,1,1,,
"10647041000033115",700,"30919311000001106","Alirocumab 75mg/1ml solution for injection pre-filled disposable devices","Alirocumab 75mg/1ml solution for injection pre-filled disposable devices","Solution for injection","Subcutaneous","Alirocumab","75.000mg/1.000ml","02120000","0212000AIAAAAAA","02120000","Alirocumab 75mg/1ml inj pre-filled disposable devices",1,1,0,1,0,0,0,0,0,0,0,0,0,0,0,0,0,0,0,0,0,0,0,0,0,0,0,1,1,,,,1,1,1,,
"2192041000033117",700,"880511000001105","Zimbacol XL 400mg tablets (Archimedes Pharma UK Ltd)","Zimbacol XL 400mg tablets","Modified-release tablet","Oral","Bezafibrate","400.000mg","02120000","0212000D0BEAAAB","02120000","Zimbacol XL 400mg tablets",1,1,0,0,0,0,1,0,0,0,0,0,0,0,0,0,0,0,0,0,0,0,0,0,0,0,0,1,1,,,,,,1,,
"10618141000033111",400,"30663811000001102","Repatha SureClick 140mg/1ml solution for injection pre-filled pens (Amgen Ltd)","Repatha SureClick 140mg/1ml solution for injection pre-filled pens","Solution for injection","Subcutaneous","Evolocumab","140.000mg/1.000ml","02120000","0212000AHBBAAAA","02120000","Repatha SureClick 140mg/1ml inj pre-filled pens",1,1,0,0,0,0,0,0,0,0,0,0,1,0,0,0,0,0,0,0,0,0,0,0,0,0,0,1,1,,,,1,1,1,,
"10647141000033116",400,"30919211000001103","Alirocumab 150mg/1ml solution for injection pre-filled disposable devices","Alirocumab 150mg/1ml solution for injection pre-filled disposable devices","Solution for injection","Subcutaneous","Alirocumab","150.000mg/1.000ml","02120000","0212000AIAAABAB","02120000","Alirocumab 150mg/1ml inj pre-filled disposable devices",1,1,0,1,0,0,0,0,0,0,0,0,0,0,0,0,0,0,0,0,0,0,0,0,0,0,0,1,1,,,,1,1,1,,
"13742141000033110",400,"38754811000001103","Nilemdo 180mg tablets (Daiichi Sankyo UK Ltd)","Nilemdo 180mg tablets","Tablet","Oral","Bempedoic acid","180.000mg","02120000","0212000AKBBAAAA","02120000","Nilemdo 180mg tablets",1,1,0,0,0,1,0,0,0,0,0,0,0,0,0,0,0,0,0,0,0,0,0,0,0,0,0,1,1,,,,1,1,1,,
"13861041000033110",400,"39832511000001107","Rosuvastatin 40mg capsules","Rosuvastatin 40mg capsules","Capsule","Oral","Rosuvastatin calcium","40.000mg","02120000","0212000AAAAAIAI","02120000","Rosuvastatin 40mg capsules",1,1,0,0,0,0,0,0,0,0,0,0,0,0,0,0,0,0,0,0,0,0,0,0,1,0,1,1,,,,,,,,,
"974741000033115",300,"","Nicotinic Acid  Tablets  25 mg","","","","","","","","","",1,1,0,0,0,0,0,0,0,0,0,0,0,0,0,0,0,0,0,0,1,0,0,0,0,0,0,1,,,,,,,,,
"5897741000033110",300,"14158711000001109","Atorvastatin 10mg/5ml oral suspension","Atorvastatin 10mg/5ml oral suspension","Oral suspension","Oral","Atorvastatin calcium trihydrate","2.000mg/1.000ml","02120000","0212000B0AAARAR","02120000","Atorvastatin 10mg/5ml oral suspension",1,1,0,0,1,0,0,0,0,0,0,0,0,0,0,0,0,0,0,0,0,0,0,0,0,0,1,1,1,1,1,1,,,,,
"5711041000033117",300,"15534511000001107","Pravastatin 40mg/5ml oral suspension","Pravastatin 40mg/5ml oral suspension","Oral suspension","Oral","Pravastatin sodium","8.000mg/1.000ml","02120000","0212000X0AAAHAH","02120000","Pravastatin 40mg/5ml oral liquid",1,1,0,0,0,0,0,0,0,0,0,0,0,0,0,0,0,0,0,0,0,0,0,1,0,0,1,1,1,1,1,1,1,1,1,,
"9069641000033116",300,"23985311000001106","Policosanol 10mg capsules","Policosanol 10mg capsules","Capsule","Oral","Policosanol","10.000mg","02120000","0212000AGAAAAAA","02120000","Policosanol 10mg capsules",1,1,0,0,0,0,0,0,0,0,0,0,0,0,0,0,0,0,0,0,0,0,1,0,0,0,0,1,1,,,,1,1,1,,
"10647241000033111",200,"30840811000001109","Praluent 75mg/1ml solution for injection pre-filled pens (Sanofi)","Praluent 75mg/1ml solution for injection pre-filled pens","Solution for injection","Subcutaneous","Alirocumab","75.000mg/1.000ml","02120000","0212000AIBBAAAA","02120000","Praluent 75mg/1ml solution for injection pre-filled pens",1,1,0,1,0,0,0,0,0,0,0,0,0,0,0,0,0,0,0,0,0,0,0,0,0,0,0,1,1,,,,1,1,1,,
"10647341000033118",200,"30841911000001106","Praluent 150mg/1ml solution for injection pre-filled pens (Sanofi)","Praluent 150mg/1ml solution for injection pre-filled pens","Solution for injection","Subcutaneous","Alirocumab","150.000mg/1.000ml","02120000","0212000AIBBABAB","02120000","Praluent 150mg/1ml solution for injection pre-filled pens",1,1,0,1,0,0,0,0,0,0,0,0,0,0,0,0,0,0,0,0,0,0,0,0,0,0,0,1,1,,,,1,1,1,,
"11241741000033119",200,"32234211000001101","Fenofibrate 145mg / Simvastatin 20mg tablets","Fenofibrate 145mg / Simvastatin 20mg tablets","Tablet","Oral","Fenofibrate/ Simvastatin","145.000mg + 20.000mg","02120000","0212000AJAAAAAA","02120000","Fenofibrate 145mg / Simvastatin 20mg tablets",1,1,0,0,0,0,0,0,0,0,0,0,0,0,1,0,0,0,0,0,0,0,0,0,0,1,1,2,1,1,1,1,1,1,1,,
"13948141000033117",200,"40237311000001106","Vazkepa 998mg capsules (Amarin Pharmaceuticals Ireland Ltd)","Vazkepa 998mg capsules","Capsule","Oral","Icosapent ethyl","998.000mg","02120000","0212000ANBBAAAA","02120000","Vazkepa 998mg capsules",1,1,0,0,0,0,0,0,0,0,0,0,0,0,0,0,0,1,0,0,0,0,0,0,0,0,0,1,,,,,,,,,
"14079441000033111",200,"40917211000001108","Rosuvastatin 15mg tablets","Rosuvastatin 15mg tablets","Tablet","Oral","Rosuvastatin calcium","15.000mg","02120000","0212000AAAAAJAJ","02120000","Rosuvastatin 15mg tablets",1,1,0,0,0,0,0,0,0,0,0,0,0,0,0,0,0,0,0,0,0,0,0,0,1,0,1,1,,,,,,,,,
"2290041000033115",100,"134491009","Cerivastatin 800microgram tablets","Cerivastatin 800microgram tablets","Tablet","Oral","Cerivastatin sodium","800.000microgram","02120000","","","",1,1,0,0,0,0,0,1,0,0,0,0,0,0,0,0,0,0,0,0,0,0,0,0,0,0,1,1,1,1,1,1,,,,,
"5888541000033119",100,"13894311000001104","Simvastatin 40mg/5ml oral solution","Simvastatin 40mg/5ml oral solution","Oral solution","Oral","Simvastatin","8.000mg/1.000ml","02120000","0212000Y0AAAMAM","02120000","Simvastatin 40mg/5ml oral liquid",1,1,0,0,0,0,0,0,0,0,0,0,0,0,0,0,0,0,0,0,0,0,0,0,0,1,1,1,1,1,1,1,,,1,,
"10213541000033113",100,"28800211000001100","Dualtis 1000mg capsules (Viatris UK Healthcare Ltd)","Dualtis 1000mg capsules","Capsule","Oral","Docosahexaenoic acid/ Eicosapentaenoic acid","380.000mg + 460.000mg","02120000","0212000ABBHAAAA","02120000","Dualtis 1000mg capsules",1,1,0,0,0,0,0,0,0,0,0,0,0,0,0,0,0,0,0,0,0,1,0,0,0,0,0,1,1,,,,1,1,1,,
"13948041000033116",100,"40289911000001109","Icosapent 998mg capsules","Icosapent 998mg capsules","Capsule","Oral","Icosapent ethyl","998.000mg","02120000","0212000ANAAAAAA","02120000","Icosapent 998mg capsules",1,1,0,0,0,0,0,0,0,0,0,0,0,0,0,0,0,1,0,0,0,0,0,0,0,0,0,1,,,,,,,,,
"14079541000033112",90,"40917311000001100","Rosuvastatin 30mg tablets","Rosuvastatin 30mg tablets","Tablet","Oral","Rosuvastatin calcium","30.000mg","02120000","0212000AAAAAKAK","02120000","Rosuvastatin 30mg tablets",1,1,0,0,0,0,0,0,0,0,0,0,0,0,0,0,0,0,0,0,0,0,0,0,1,0,1,1,,,,,,,,,
"11241841000033112",80,"32234311000001109","Fenofibrate 145mg / Simvastatin 40mg tablets","Fenofibrate 145mg / Simvastatin 40mg tablets","Tablet","Oral","Fenofibrate/ Simvastatin","145.000mg + 40.000mg","02120000","0212000AJAAABAB","02120000","Fenofibrate 145mg / Simvastatin 40mg tablets",1,1,0,0,0,0,0,0,0,0,0,0,0,0,1,0,0,0,0,0,0,0,0,0,0,1,1,2,1,1,1,1,1,1,1,,
"2055241000033119",70,"68411000001107","Liparol 400 XL tablets (Ashbourne Pharmaceuticals Ltd)","Liparol 400 XL tablets","Modified-release tablet","Oral","Bezafibrate","400.000mg","02120000","0212000D0BDAAAB","02120000","Liparol 400 XL tablets",1,1,0,0,0,0,1,0,0,0,0,0,0,0,0,0,0,0,0,0,0,0,0,0,0,0,0,1,1,,,,,,1,,
"2667441000033112",60,"","*Nicotinic Acid  Tablets  ","","","","","","","","","",1,1,0,0,0,0,0,0,0,0,0,0,0,0,0,0,0,0,0,0,1,0,0,0,0,0,0,1,,,,,,,,,
"10618641000033118",60,"14957811000001102","Pravastatin 5mg/5ml oral suspension","Pravastatin 5mg/5ml oral suspension","Oral suspension","Oral","Pravastatin sodium","1.000mg/1.000ml","02120000","0212000X0AAAKAK","02120000","Pravastatin 5mg/5ml oral liquid",1,1,0,0,0,0,0,0,0,0,0,0,0,0,0,0,0,0,0,0,0,0,0,1,0,0,1,1,1,1,1,1,1,1,1,,
"13889541000033115",60,"39494311000001109","Leqvio 284mg/1.5ml solution for injection pre-filled syringes (Novartis Pharmaceuticals UK Ltd)","Leqvio 284mg/1.5ml solution for injection pre-filled syringes","Solution for injection","Subcutaneous","Inclisiran sodium","189.000mg/1.000ml","02120000","0212000AMBBAAAA","02120000","Leqvio 284mg/1.5ml inj pre-filled syringes",1,1,0,0,0,0,0,0,0,0,0,0,0,0,0,0,0,0,1,0,0,0,0,0,0,0,0,1,,,,,,,,,
"10617941000033114",50,"30664511000001102","Repatha 140mg/1ml solution for injection pre-filled syringes (Amgen Ltd)","Repatha 140mg/1ml solution for injection pre-filled syringes","Solution for injection","Subcutaneous","Evolocumab","140.000mg/1.000ml","02120000","0212000AHBBABAB","02120000","Repatha 140mg/1ml solution for injection pre-filled syringes",1,1,0,0,0,0,0,0,0,0,0,0,1,0,0,0,0,0,0,0,0,0,0,0,0,0,0,1,1,,,,1,1,1,,
"5007141000033112",40,"15364211000001102","Luvinsta XL 80mg tablets (Actavis UK Ltd)","Luvinsta XL 80mg tablets","Modified-release tablet","Oral","Fluvastatin sodium","80.000mg","02120000","0212000M0BCAAAD","02120000","Luvinsta XL 80mg tablets",1,1,0,0,0,0,0,0,0,0,0,0,0,0,0,1,0,0,0,0,0,0,0,0,0,0,1,1,1,1,1,1,1,1,1,1,1
"8493841000033111",30,"14957711000001105","Pravastatin 5mg/5ml oral solution","Pravastatin 5mg/5ml oral solution","Oral solution","Oral","Pravastatin sodium","1.000mg/1.000ml","02120000","0212000X0AAAKAK","02120000","Pravastatin 5mg/5ml oral liquid",1,1,0,0,0,0,0,0,0,0,0,0,0,0,0,0,0,0,0,0,0,0,0,1,0,0,1,1,1,1,1,1,1,1,1,,
"13806241000033113",30,"39494711000001108","Alirocumab 300mg/2ml solution for injection pre-filled disposable devices","Alirocumab 300mg/2ml solution for injection pre-filled disposable devices","Solution for injection","Subcutaneous","Alirocumab","150.000mg/1.000ml","02120000","0212000AIAAACAC","02120000","Alirocumab 300mg/2ml inj pre-filled disposable devices",1,1,0,1,0,0,0,0,0,0,0,0,0,0,0,0,0,0,0,0,0,0,0,0,0,0,0,1,,,,,,,,,
"3141041000033110",30,"7632811000001108","Ranzolont 40mg tablets (Ranbaxy (UK) Ltd)","Ranzolont 40mg tablets","Tablet","Oral","Simvastatin","40.000mg","02120000","0212000Y0BEACAD","02120000","Ranzolont 40mg tablets",1,1,0,0,0,0,0,0,0,0,0,0,0,0,0,0,0,0,0,0,0,0,0,0,0,1,1,1,1,1,1,1,,,1,1,1
"1578041000033115",30,"888111000001104","Bezagen XL 400mg tablets (Viatris UK Healthcare Ltd)","Bezagen XL 400mg tablets","Modified-release tablet","Oral","Bezafibrate","400.000mg","02120000","0212000D0BCAAAB","02120000","Bezagen XL 400mg tablets",1,1,0,0,0,0,1,0,0,0,0,0,0,0,0,0,0,0,0,0,0,0,0,0,0,0,0,1,1,,,,,,1,,
"10617841000033118",20,"30738111000001102","Evolocumab 140mg/1ml solution for injection pre-filled syringes","Evolocumab 140mg/1ml solution for injection pre-filled syringes","Solution for injection","Subcutaneous","Evolocumab","140.000mg/1.000ml","02120000","0212000AHAAABAB","02120000","Evolocumab 140mg/1ml inj pre-filled syringes",1,1,0,0,0,0,0,0,0,0,0,0,1,0,0,0,0,0,0,0,0,0,0,0,0,0,0,1,1,,,,1,1,1,,
"12688241000033113",20,"374076007","Colestipol 1g tablets","Colestipol 1g tablets","Tablet","Oral","Colestipol hydrochloride","1.000gram","02120000","","","",1,1,0,0,0,0,0,0,0,0,1,0,0,0,0,0,0,0,0,0,0,0,0,0,0,0,0,1,,,,,,,,,
"5711841000033112",10,"17282011000001107","Dorisin XL 80mg tablets (Aspire Pharma Ltd)","Dorisin XL 80mg tablets","Modified-release tablet","Oral","Fluvastatin sodium","80.000mg","02120000","0212000M0BEAAAD","02120000","Dorisin XL 80mg tablets",1,1,0,0,0,0,0,0,0,0,0,0,0,0,0,1,0,0,0,0,0,0,0,0,0,0,1,1,1,1,1,1,1,1,1,1,1
"12486541000033113",10,"35299511000001108","Cholesterol 2% / Simvastatin 2% cream","Cholesterol 2% / Simvastatin 2% cream","Cream","Route of administration not applicable","Cholesterol/ Simvastatin","20.000mg/1.000gram + 20.000mg/1.000gram","13050200","1305020Z0AAAAAA","13050200","Cholesterol 2% / Simvastatin 2% cream",1,1,0,0,0,0,0,0,0,0,0,0,0,0,0,0,0,0,0,0,0,0,0,0,0,1,1,1,1,1,1,1,,,,,
"13806341000033115",10,"39479611000001107","Praluent 300mg/2ml solution for injection pre-filled pens (Sanofi)","Praluent 300mg/2ml solution for injection pre-filled pens","Solution for injection","Subcutaneous","Alirocumab","150.000mg/1.000ml","02120000","0212000AIBBACAC","02120000","Praluent 300mg/2ml solution for injection pre-filled pens",1,1,0,1,0,0,0,0,0,0,0,0,0,0,0,0,0,0,0,0,0,0,0,0,0,0,0,1,,,,,,,,,
"3140941000033117",9,"7631911000001109","Ranzolont 20mg tablets (Ranbaxy (UK) Ltd)","Ranzolont 20mg tablets","Tablet","Oral","Simvastatin","20.000mg","02120000","0212000Y0BEABAB","02120000","Ranzolont 20mg tablets",1,1,0,0,0,0,0,0,0,0,0,0,0,0,0,0,0,0,0,0,0,0,0,0,0,1,1,1,1,1,1,1,,,1,,
"11241941000033116",7,"32170911000001100","Cholib 145mg/20mg tablets (Viatris UK Healthcare Ltd)","Cholib 145mg/20mg tablets","Tablet","Oral","Fenofibrate/ Simvastatin","145.000mg + 20.000mg","02120000","0212000AJBBAAAA","02120000","Cholib 145mg/20mg tablets",1,1,0,0,0,0,0,0,0,0,0,0,0,0,1,0,0,0,0,0,0,0,0,0,0,1,1,2,1,1,1,1,1,1,1,,
"2667841000033110",6,"","*Nicotinic Acid  Pills (Sucrose)  ","","","","","","","","","",1,1,0,0,0,0,0,0,0,0,0,0,0,0,0,0,0,0,0,0,1,0,0,0,0,0,0,1,,,,,,,,,
"5888441000033115",5,"13894211000001107","Simvastatin 20mg/5ml oral solution","Simvastatin 20mg/5ml oral solution","Oral solution","Oral","Simvastatin","4.000mg/1.000ml","02120000","0212000Y0AAAGAG","02120000","Simvastatin 20mg/5ml oral liquid",1,1,0,0,0,0,0,0,0,0,0,0,0,0,0,0,0,0,0,0,0,0,0,0,0,1,1,1,1,1,1,1,,,1,,
"8886141000033119",5,"23604611000001102","Lomitapide 5mg capsules","Lomitapide 5mg capsules","Capsule","Oral","Lomitapide","5.000mg","02120000","0212000AFAAAAAA","02120000","Lomitapide 5mg capsules",1,1,0,0,0,0,0,0,0,0,0,0,0,0,0,0,0,0,0,1,0,0,0,0,0,0,0,1,1,,,,,,1,,
"8886241000033114",4,"23604411000001100","Lomitapide 10mg capsules","Lomitapide 10mg capsules","Capsule","Oral","Lomitapide","10.000mg","02120000","0212000AFAAABAB","02120000","Lomitapide 10mg capsules",1,1,0,0,0,0,0,0,0,0,0,0,0,0,0,0,0,0,0,1,0,0,0,0,0,0,0,1,1,,,,,,1,,
"3140841000033113",3,"7630211000001106","Ranzolont 10mg tablets (Ranbaxy (UK) Ltd)","Ranzolont 10mg tablets","Tablet","Oral","Simvastatin","10.000mg","02120000","0212000Y0BEAAAA","02120000","Ranzolont 10mg tablets",1,1,0,0,0,0,0,0,0,0,0,0,0,0,0,0,0,0,0,0,0,0,0,0,0,1,1,1,1,1,1,1,,,1,,
"2801141000033116",3,"9835611000001100","Fenogal 200mg capsules (Genus Pharmaceuticals Ltd)","Fenogal 200mg capsules","Capsule","Oral","Fenofibrate","200.000mg","02120000","0212000P0BDAAAF","02120000","Fenogal 200mg capsules",1,1,0,0,0,0,0,0,0,0,0,0,0,0,1,0,0,0,0,0,0,0,0,0,0,0,0,1,1,,,,1,1,1,,
"8962441000033117",2,"23864311000001100","Nandovar XL 80mg tablets (Sandoz Ltd)","Nandovar XL 80mg tablets","Modified-release tablet","Oral","Fluvastatin sodium","80.000mg","02120000","0212000M0BGAAAD","02120000","Nandovar XL 80mg tablets",1,1,0,0,0,0,0,0,0,0,0,0,0,0,0,1,0,0,0,0,0,0,0,0,0,0,1,1,1,1,1,1,1,1,1,1,1
"2290141000033116",1,"4568511000001103","Lipobay 800microgram tablets (Bayer Plc)","Lipobay 800microgram tablets","Tablet","Oral","Cerivastatin sodium","800.000microgram","02120000","0212000C0BBAEAE","02120000","Lipobay 800microgram tablets",1,1,0,0,0,0,0,1,0,0,0,0,0,0,0,0,0,0,0,0,0,0,0,0,0,0,1,1,1,1,1,1,,,1,,
"2994641000033116",2000,"4995011000001107","Niaspan titration pack (Abbott Laboratories Ltd)","Niaspan titration pack","Not applicable","","","","02120000","0212000U0BFADAY","02120000","Niaspan titration pack",,1,,,,,,,,,,,,,,,,,,,,,,,,,,,1,,,,,,1,,
