medcodeid,observations,originalreadcode,cleansedreadcode,snomedctconceptid,snomedctdescriptionid,term,t2dm,refset_dmtype2,refset_dmtype2audit,t2dm_incprev
"9313421000006110",1,"^ESCTDI931342","","10660471000119109","3332232010","Diabetic ulcer of left foot due to diabetes mellitus type 2",1,,1,"Prevalent"
"9313441000006115",1,"^ESCTDI931344","","10660471000119109","3332262016","Diabetes type 2 with diabetic ulcer of left foot",1,,1,"Prevalent"
"8034861000006113",2,"^ESCTLE803486","","110171000119107","3013967019","Leg ulcer due to type 2 diabetes mellitus",1,,1,"Prevalent"
"8035211000006110",1,"^ESCTDY803521","","111231000119109","3011558015","Dyslipidemia with high density lipoprotein below reference range and triglyceride above reference range due to type 2 diabetes mellitus",1,,1,"Prevalent"
"14728721000006117",1,"^ESCT1472872","","1196922005","4693855012","Neovascular glaucoma due to diabetes mellitus type 2",1,,,"Prevalent"
"8037841000006115",2,"^ESCTHY803784","","120731000119103","3011938013","Hypoglycaemia due to type 2 diabetes mellitus",1,,1,"Prevalent"
"8043301000006116",300,"^ESCTHY804330","","137931000119102","3013435012","Hyperlipidaemia due to type 2 diabetes mellitus",1,,1,"Prevalent"
"8043621000006117",2,"^ESCTMI804362","","138911000119106","3013173019","Mild nonproliferative retinopathy due to type 2 diabetes mellitus",1,,1,"Prevalent"
"8044011000006117",1,"^ESCTHY804401","","140101000119109","3013074010","Hypertension in chronic kidney disease stage 5 due to type 2 diabetes mellitus",1,,1,"Prevalent"
"8044061000006119",1,"^ESCTHY804406","","140121000119100","3013055019","Hypertension in chronic kidney disease stage 3 due to type 2 diabetes mellitus",1,,1,"Prevalent"
"8044171000006110",2,"^ESCTNE804417","","140381000119104","3013650011","Neuropathic toe ulcer due to type 2 diabetes mellitus",1,,1,"Prevalent"
"14095251000006116",6,"^ESCT1409525","","140381000119104","3789742015","Neuropathic ulcer of toe due to type 2 diabetes mellitus",1,,1,"Prevalent"
"8044181000006113",2,"^ESCTUL804418","","140391000119101","3013112016","Ulcer of toe due to type 2 diabetes mellitus",1,,1,"Prevalent"
"8044221000006116",3,"^ESCTIS804422","","140521000119107","3013655018","Ischaemic foot ulcer due to type 2 diabetes mellitus",1,,1,"Prevalent"
"14095271000006114",4,"^ESCT1409527","","140531000119105","3789740011","Neuropathic ulcer of foot due to type 2 diabetes mellitus",1,,1,"Prevalent"
"7968751000006116",20,"^ESCTDI796875","","1481000119100","3013049012","Diabetes mellitus type 2 without retinopathy",1,1,1,"Prevalent"
"7968821000006118",2,"^ESCTDI796882","","1491000119102","2967546017","Diabetic vitreous haemorrhage associated with type II diabetes mellitus",1,,1,"Prevalent"
"7968881000006119",2,"^ESCTPR796888","","1501000119109","3013241019","Proliferative diabetic retinopathy due to type 2 diabetes mellitus",1,,1,"Prevalent"
"7968951000006118",1,"^ESCTDI796895","","1511000119107","2967619016","Diabetic peripheral neuropathy associated with type II diabetes mellitus",1,,1,"Prevalent"
"12370381000006111",1,"^ESCT1237038","","1511000119107","3695522017","Peripheral neuropathy with type 2 diabetes",1,,1,"Prevalent"
"7969001000006112",7,"^ESCTFO796900","","1521000119100","3013067017","Foot ulcer due to type 2 diabetes mellitus",1,,1,"Prevalent"
"7969151000006110",1,"^ESCTNO796915","","1551000119108","3013461011","Nonproliferative diabetic retinopathy due to type 2 diabetes mellitus",1,,1,"Prevalent"
"8048421000006113",200,"^ESCTPR804842","","157141000119108","3013070018","Proteinuria due to type 2 diabetes mellitus",1,,1,"Prevalent"
"14181911000006117",2,"^ESCT1418191","","16747661000119109","4009541014","Bilateral nonproliferative retinopathy due to diabetes mellitus type 2",1,,,"Prevalent"
"14015311000006110",2,"^ESCT1401531","","16891151000119103","3778765010","Coronary artery disease due to type 2 diabetes mellitus",1,,1,"Prevalent"
"1780981000006115",500,"EMISNQDI70","","1780981000006104","1780981000006115","Diabetic on non-insulin injectable",1,,,"Prevalent"
"292483016",80,"C1021","C102100","190331003","292483016","Diabetes mellitus, adult onset, with hyperosmolar coma",1,,1,"Incident"
"4758011000006112",4,"^ESCTTY475801","","190331003","2967818010","Type 2 diabetes mellitus with hyperosmolar coma",1,,1,"Prevalent"
"84911000006119",7,"C1093-1","C109311","190388001","292576013","Type II diabetes mellitus with multiple complications",1,1,1,"Prevalent"
"292576013",30,"C10F3-1","C10F311","190388001","292576013","Type II diabetes mellitus with multiple complications",1,1,1,"Prevalent"
"84541000006111",200,"C1093-2","C109312","190388001","292577016","Type 2 diabetes mellitus with multiple complications",1,1,1,"Prevalent"
"292577016",3000,"C10F3","C10F300","190388001","292577016","Type 2 diabetes mellitus with multiple complications",1,1,1,"Prevalent"
"280581000006118",300,"C1093","C109300","190388001","292578014","Non-insulin-dependent diabetes mellitus with multiple complications",1,1,1,"Prevalent"
"14071211000006113",20,"^ESCT1407121","","190388001","3793304018","Multiple complications due to type 2 diabetes mellitus",1,1,1,"Prevalent"
"84631000006119",90,"C1094-2","C109412","190389009","292579018","Type 2 diabetes mellitus with ulcer",1,1,1,"Prevalent"
"292579018",1000,"C10F4","C10F400","190389009","292579018","Type 2 diabetes mellitus with ulcer",1,1,1,"Prevalent"
"280551000006114",300,"C1094","C109400","190389009","292580015","Non-insulin-dependent diabetes mellitus with ulcer",1,1,1,"Prevalent"
"85001000006117",60,"C1094-1","C109411","190389009","292581016","Type II diabetes mellitus with ulcer",1,1,1,"Prevalent"
"292581016",30,"C10F4-1","C10F411","190389009","292581016","Type II diabetes mellitus with ulcer",1,1,1,"Prevalent"
"4796321000006113",90,"^ESCTPR479632","","199230006","2967812011","Pre-existing type 2 diabetes mellitus",1,,1,"Prevalent"
"306113018",200,"L1806","L180600","199230006","306113018","Pre-existing diabetes mellitus, non-insulin-dependent",1,,1,"Prevalent"
"841351000006110",2000,"C109J-2","C109J12","237599002","1223147012","Insulin treated Type II diabetes mellitus",1,1,1,"Incident"
"1223147012",2000,"C10FJ-1","C10FJ11","237599002","1223147012","Insulin treated Type II diabetes mellitus",1,1,1,"Incident"
"1223148019",1000,"C109J-1","C109J11","237599002","1223148019","Insulin treated non-insulin dependent diabetes mellitus",1,1,1,"Incident"
"840951000006119",70000,"C109J","C109J00","237599002","2967820013","Insulin treated Type 2 diabetes mellitus",1,1,1,"Incident"
"914391000006116",600000,"C10FJ","C10FJ00","237599002","2967820013","Insulin treated Type 2 diabetes mellitus",1,1,1,"Incident"
"5109461000006115",4,"^ESCTDI510946","","237599002","3037103012","Diabetes type 2 on insulin",1,1,1,"Prevalent"
"5109561000006119",30,"^ESCTMA510956","","237604008","2967875018","Maturity onset diabetes of the young, type 2",1,,,"Incident"
"840971000006112",800,"C10D","C10D.00","237604008","356082013","Diabetes mellitus autosomal dominant type II",1,,,"Incident"
"356085010",800,"C10D-1","C10D.11","237604008","356085010","Maturity onset diabetes in youth type 2",1,,,"Incident"
"5109611000006116",800,"^ESCTMO510961","","237604008","356086011","MODY - Maturity onset diabetes in youth type 2",1,,,"Incident"
"5110001000006118",70,"^ESCTPR511000","","237627000","2967837018","Pregnancy and type 2 diabetes mellitus",1,,1,"Prevalent"
"1988741000006117",200,"L180B","","237627000","356133011","Pregnancy and non-insulin-dependent diabetes mellitus",1,,1,"Prevalent"
"8012071000006112",1,"^ESCTTY801207","","24471000000103","1667901000000114","Type II diabetes on insulin",1,,1,"Prevalent"
"8012061000006117",200,"^ESCTTY801206","","24471000000103","2201341000000118","Type 2 diabetic on insulin",1,,1,"Incident"
"8012091000006113",500,"^ESCTTY801209","","24481000000101","1667911000000111","Type II diabetes on diet only",1,,1,"Incident"
"8012081000006110",200,"^ESCTTY801208","","24481000000101","2201281000000117","Type 2 diabetic on diet only",1,,1,"Incident"
"8084961000006111",1,"^ESCTDI808496","","279321000000104","1667931000000115","Diabetes type II review",1,,1,"Prevalent"
"479571000000110",200000,"66Ao","66Ao.00","279321000000104","479571000000110","Diabetes type 2 review",1,,1,"Prevalent"
"457328010",5000,"C1099","C109900","313436004","457328010","Non-insulin-dependent diabetes mellitus without complication",1,1,1,"Prevalent"
"616511000006110",80000,"C1001","C100100","313436004","457329019","Diabetes mellitus, adult onset, no mention of complication",1,1,1,"Incident"
"84641000006112",90,"C1099-2","C109912","313436004","457329019","Type 2 diabetes mellitus without complication",1,1,1,"Prevalent"
"457329019",10000,"C10F9","C10F900","313436004","457329019","Type 2 diabetes mellitus without complication",1,1,1,"Prevalent"
"85011000006119",80,"C1099-1","C109911","313436004","457330012","Type II diabetes mellitus without complication",1,1,1,"Prevalent"
"457330012",1000,"C10F9-1","C10F911","313436004","457330012","Type II diabetes mellitus without complication",1,1,1,"Incident"
"84961000006116",20,"C109F-1","C109F11","314902007","459306016","Type II diabetes mellitus with peripheral angiopathy",1,1,1,"Prevalent"
"459306016",60,"C10FF-1","C10FF11","314902007","459306016","Type II diabetes mellitus with peripheral angiopathy",1,1,1,"Prevalent"
"280561000006111",80,"C109F","C109F00","314902007","459307013","Non-insulin-dependent diabetes mellitus with peripheral angiopathy",1,1,1,"Prevalent"
"84591000006119",8,"C109F-2","C109F12","314902007","459308015","Type 2 diabetes mellitus with peripheral angiopathy",1,1,1,"Prevalent"
"459308015",300,"C10FF","C10FF00","314902007","459308015","Type 2 diabetes mellitus with peripheral angiopathy",1,1,1,"Prevalent"
"14078401000006119",3,"^ESCT1407840","","314903002","3866404015","Arthropathy due to type 2 diabetes mellitus",1,1,1,"Prevalent"
"459309011",8,"C109G","C109G00","314903002","459309011","Non-insulin dependent diabetes mellitus with arthropathy",1,1,1,"Prevalent"
"84491000006118",10,"C109G-2","C109G12","314903002","459310018","Type 2 diabetes mellitus with arthropathy",1,1,1,"Prevalent"
"459310018",200,"C10FG","C10FG00","314903002","459310018","Type 2 diabetes mellitus with arthropathy",1,1,1,"Prevalent"
"84861000006112",2,"C109G-1","C109G11","314903002","459311019","Type II diabetes mellitus with arthropathy",1,1,1,"Prevalent"
"459311019",50,"C10FG-1","C10FG11","314903002","459311019","Type II diabetes mellitus with arthropathy",1,1,1,"Prevalent"
"84941000006115",10,"C109H-1","C109H11","314904008","459312014","Type II diabetes mellitus with neuropathic arthropathy",1,1,1,"Prevalent"
"459312014",40,"C10FH-1","C10FH11","314904008","459312014","Type II diabetes mellitus with neuropathic arthropathy",1,1,1,"Prevalent"
"84571000006115",20,"C109H-2","C109H12","314904008","459313016","Type 2 diabetes mellitus with neuropathic arthropathy",1,1,1,"Prevalent"
"459313016",900,"C10FH","C10FH00","314904008","459313016","Type 2 diabetes mellitus with neuropathic arthropathy",1,1,1,"Prevalent"
"281181000006116",20,"C109H","C109H00","314904008","459314010","Non-insulin dependent diabetes mellitus with neuropathic arthropathy",1,1,1,"Prevalent"
"8119451000006114",1,"^ESCTHY811945","","368051000119109","3285573018","Hyperglycaemia due to type 2 diabetes mellitus",1,,1,"Prevalent"
"8120381000006111",2,"^ESCTNE812038","","368581000119106","3286868011","Neuropathy due to type 2 diabetes mellitus",1,,1,"Prevalent"
"850691000006118",500,"C109K","C109K00","395204000","1488898011","Hyperosmolar non-ketotic state in type 2 diabetes mellitus",1,1,1,"Incident"
"1488898011",1000,"C10FK","C10FK00","395204000","1488898011","Hyperosmolar non-ketotic state in type 2 diabetes mellitus",1,1,1,"Incident"
"1667891000000113",90,"C10FK-1","C10FK11","395204000","1667891000000113","Hyperosmolar non-ketotic state in type II diabetes mellitus",1,1,1,"Prevalent"
"14079871000006119",10,"^ESCT1407987","","395204000","3873748015","Hyperosmolar non-ketotic state due to type 2 diabetes mellitus",1,1,1,"Prevalent"
"616551000006111",1000,"C1041","C104100","420279001","2615535015","Diabetes mellitus, adult onset, with renal manifestation",1,,1,"Prevalent"
"587521000006111",800,"C1090","C109000","420279001","2615535015","Non-insulin-dependent diabetes mellitus with renal comps",1,,1,"Prevalent"
"84611000006113",200,"C1090-2","C109012","420279001","2618208012","Type 2 diabetes mellitus with renal complications",1,,1,"Prevalent"
"914031000006118",3000,"C10F0","C10F000","420279001","2618208012","Renal disorder associated with type II diabetes mellitus",1,,1,"Prevalent"
"84981000006114",70,"C1090-1","C109011","420279001","3013392012","Type II diabetes mellitus with renal complications",1,,1,"Prevalent"
"84921000006110",800,"C109C-1","C109C11","420279001","3013392012","Renal disorder due to type 2 diabetes mellitus",1,,1,"Prevalent"
"914041000006111",20,"C10F0-1","C10F011","420279001","3013392012","Type II diabetes mellitus with renal complications",1,,1,"Prevalent"
"914271000006114",90,"C10FC-1","C10FC11","420279001","3013392012","Type II diabetes mellitus with nephropathy",1,,1,"Prevalent"
"280531000006119",200,"C109C","C109C00","420279001","3035432019","Non-insulin dependent diabetes mellitus with nephropathy",1,,1,"Prevalent"
"84551000006113",700,"C109C-2","C109C12","420279001","3035432019","Type 2 diabetes mellitus with nephropathy",1,,1,"Prevalent"
"914261000006119",7000,"C10FC","C10FC00","420279001","3035432019","Diabetes type 2 with nephropathy",1,,1,"Prevalent"
"84531000006118",20,"C109A-2","C109A12","420436000","2618201018","Type 2 diabetes mellitus with mononeuropathy",1,,1,"Prevalent"
"914221000006113",300,"C10FA","C10FA00","420436000","2618201018","Type 2 diabetes mellitus with mononeuropathy",1,,1,"Prevalent"
"280521000006117",30,"C109A","C109A00","420436000","3697667019","Non-insulin dependent diabetes mellitus with mononeuropathy",1,,1,"Prevalent"
"84901000006117",30,"C109A-1","C109A11","420436000","3697667019","Mononeuropathy with type 2 diabetes mellitus",1,,1,"Prevalent"
"914231000006111",40,"C10FA-1","C10FA11","420436000","3697667019","Type II diabetes mellitus with mononeuropathy",1,,1,"Prevalent"
"928561000006118",70000,"C10FM","C10FM00","420715001","2967769016","Persistent microalbuminuria associated with type 2 diabetes mellitus",1,,1,"Prevalent"
"928571000006113",2000,"C10FM-1","C10FM11","420715001","2967769016","Type II diabetes mellitus with persistent microalbuminuria",1,,1,"Prevalent"
"14083811000006118",7000,"^ESCT1408381","","420715001","3800535013","Persistent microalbuminuria due to type 2 diabetes mellitus",1,,1,"Prevalent"
"281161000006114",100,"C109E","C109E00","420756003","3035281015","Non-insulin depend diabetes mellitus with diabetic cataract",1,,1,"Prevalent"
"6959811000006110",3,"^ESCTDI695981","","420756003","3035281015","Diabetes type 2 with cataract",1,,1,"Prevalent"
"84871000006117",100,"C109E-1","C109E11","420756003","3688522015","Cataract due to diabetes mellitus type 2",1,,1,"Prevalent"
"84501000006114",100,"C109E-2","C109E12","420756003","3688522015","Type 2 diabetes mellitus with diabetic cataract",1,,1,"Prevalent"
"914301000006111",500,"C10FE","C10FE00","420756003","3688522015","Type 2 diabetes mellitus with diabetic cataract",1,,1,"Prevalent"
"914311000006114",100,"C10FE-1","C10FE11","420756003","3688522015","Type II diabetes mellitus with diabetic cataract",1,,1,"Prevalent"
"616481000006119",2000,"C1061","C106100","421326000","2618196010","Diabetes mellitus, adult onset, + neurological manifestation",1,,1,"Prevalent"
"12704971000006113",40,"^ESCT1270497","","421326000","2623027010","Neurologic disorder associated with type 2 diabetes mellitus",1,,1,"Prevalent"
"6969931000006116",6,"^ESCTDI696993","","421326000","3035455016","Diabetes type 2 with neurological disorder",1,,1,"Prevalent"
"280591000006115",600,"C1092","C109200","421326000","3695406015","Non-insulin-dependent diabetes mellitus with neuro comps",1,,1,"Prevalent"
"84931000006113",30,"C1092-1","C109211","421326000","3695406015","Neurological disorder with diabetes type 2",1,,1,"Prevalent"
"84561000006110",100,"C1092-2","C109212","421326000","3695406015","Type 2 diabetes mellitus with neurological complications",1,,1,"Prevalent"
"914071000006115",1000,"C10F2","C10F200","421326000","3695406015","Neurologic disorder associated with type 2 diabetes mellitus",1,,1,"Prevalent"
"914081000006117",10,"C10F2-1","C10F211","421326000","3695406015","Type II diabetes mellitus with neurological complications",1,,1,"Prevalent"
"14083911000006113",40,"^ESCT1408391","","421326000","3789017016","Disorder of nervous system due to type 2 diabetes mellitus",1,,1,"Prevalent"
"616561000006113",300,"C1072","C107200","421631007","2618206011","Diabetes mellitus, adult with gangrene",1,,1,"Prevalent"
"84881000006119",8,"C1095-1","C109511","421631007","2618206011","Type II diabetes mellitus with gangrene",1,,1,"Prevalent"
"84511000006112",20,"C1095-2","C109512","421631007","2618206011","Type 2 diabetes mellitus with gangrene",1,,1,"Prevalent"
"292583018",300,"C10F5","C10F500","421631007","2618206011","Type 2 diabetes mellitus with gangrene",1,,1,"Prevalent"
"292582011",8,"C10F5-1","C10F511","421631007","2618206011","Type II diabetes mellitus with gangrene",1,,1,"Prevalent"
"281211000006117",100,"C1095","C109500","421631007","2967779019","Gangrene associated with type 2 diabetes mellitus",1,,1,"Prevalent"
"14083961000006111",20,"^ESCT1408396","","421631007","3800383012","Gangrene due to type 2 diabetes mellitus",1,,1,"Prevalent"
"616531000006116",800,"C1011","C101100","421750000","2618220016","Diabetes mellitus, adult onset, with ketoacidosis",1,1,1,"Incident"
"6977421000006110",10,"^ESCTKE697742","","421750000","2618220016","Ketoacidosis in type II diabetes mellitus",1,1,1,"Incident"
"928581000006111",3000,"C10FN","C10FN00","421750000","2967754017","Ketoacidosis in type 2 diabetes mellitus",1,1,1,"Incident"
"928591000006114",80,"C10FN-1","C10FN11","421750000","2967754017","Type II diabetes mellitus with ketoacidosis",1,1,1,"Prevalent"
"6977431000006113",1,"^ESCTDI697743","","421750000","3035594017","Diabetes type 2 with ketoacidosis",1,1,1,"Incident"
"14083991000006115",10,"^ESCT1408399","","421750000","3873230011","Ketoacidosis due to type 2 diabetes mellitus",1,1,1,"Prevalent"
"938321000006116",1000,"C10FQ","C10FQ00","421779007","2618237011","Exudative maculopathy associated with type 2 diabetes mellitus",1,,1,"Prevalent"
"938331000006118",200,"C10FQ-1","C10FQ11","421779007","3698529010","Exudative maculopathy with type 2 diabetes mellitus",1,,1,"Prevalent"
"14084001000006112",4,"^ESCT1408400","","421779007","3778113016","Exudative maculopathy due to type 2 diabetes mellitus",1,,1,"Prevalent"
"616541000006114",20,"C1031","C103100","421847006","2618218019","Diabetes mellitus, adult onset, with ketoacidotic coma",1,1,1,"Prevalent"
"928601000006118",40,"C10FP","C10FP00","421847006","2618218019","Ketoacidotic coma in type 2 diabetes mellitus",1,1,1,"Prevalent"
"928611000006115",5,"C10FP-1","C10FP11","421847006","2618218019","Ketoacidotic coma in type II diabetes mellitus",1,1,1,"Prevalent"
"12704991000006114",1,"^ESCT1270499","","421847006","2967777017","Ketoacidotic coma in type 2 diabetes mellitus",1,1,1,"Incident"
"928541000006117",30000,"C10FL","C10FL00","421986006","2967751013","Persistent proteinuria associated with type 2 diabetes mellitus",1,,1,"Prevalent"
"928551000006115",600,"C10FL-1","C10FL11","421986006","2967751013","Type II diabetes mellitus with persistent proteinuria",1,,1,"Prevalent"
"14084041000006114",2000,"^ESCT1408404","","421986006","3800543015","Persistent proteinuria due to type 2 diabetes mellitus",1,,1,"Prevalent"
"616501000006112",700,"C10z1","C10z100","422014003","3013072014","Disorder due to type 2 diabetes mellitus",1,,1,"Prevalent"
"641581000006115",700,"C1096","C109600","422034002","3035295017","Non-insulin-dependent diabetes mellitus with retinopathy",1,,1,"Prevalent"
"6982521000006119",50,"^ESCTDI698252","","422034002","3035295017","Diabetes type 2 with retinopathy",1,,1,"Prevalent"
"84991000006112",200,"C1096-1","C109611","422034002","3699410014","Type II diabetes mellitus with retinopathy",1,,1,"Prevalent"
"84621000006117",100,"C1096-2","C109612","422034002","3699410014","Type 2 diabetes mellitus with retinopathy",1,,1,"Prevalent"
"914151000006112",6000,"C10F6","C10F600","422034002","3699410014","Retinopathy with type 2 diabetes mellitus",1,,1,"Prevalent"
"914161000006114",100,"C10F6-1","C10F611","422034002","3699410014","Type II diabetes mellitus with retinopathy",1,,1,"Prevalent"
"14084061000006113",40,"^ESCT1408406","","422034002","3779410016","Retinopathy due to type 2 diabetes mellitus",1,,1,"Prevalent"
"616491000006116",1000,"C1051","C105100","422099009","2618233010","Diabetes mellitus, adult onset, + ophthalmic manifestation",1,,1,"Prevalent"
"587111000006111",600,"C1091","C109100","422099009","3698440016","Non-insulin-dependent diabetes mellitus with ophthalm comps",1,,1,"Prevalent"
"84951000006118",50,"C1091-1","C109111","422099009","3698440016","Disorder of eye with type 2 diabetes mellitus",1,,1,"Prevalent"
"84581000006117",200,"C1091-2","C109112","422099009","3698440016","Type 2 diabetes mellitus with ophthalmic complications",1,,1,"Prevalent"
"914051000006113",1000,"C10F1","C10F100","422099009","3698440016","Disorder of eye with type 2 diabetes mellitus",1,,1,"Prevalent"
"914061000006110",10,"C10F1-1","C10F111","422099009","3698440016","Type II diabetes mellitus with ophthalmic complications",1,,1,"Prevalent"
"14084101000006111",5,"^ESCT1408410","","422099009","3779417018","Disorder of eye due to type 2 diabetes mellitus",1,,1,"Prevalent"
"616581000006115",600,"C1071","C107100","422166005","2618204014","Diabetes mellitus, adult, + peripheral circulatory disorder",1,,1,"Prevalent"
"674961000006118",400,"C1074","C107400","422166005","2623039019","Peripheral circulatory disorder associated with type 2 diabetes mellitus",1,,1,"Prevalent"
"14084111000006114",2,"^ESCT1408411","","422166005","3800475019","Peripheral circulatory disorder due to type 2 diabetes mellitus",1,,1,"Prevalent"
"7069481000006115",1,"^ESCTSM706948","","427134009","2674133011","Small vessel disease due to type 2 diabetes mellitus",1,,1,"Prevalent"
"7086021000006115",2000,"^ESCTDI708602","","428274007","1642521000000119","Dietary advice for type II diabetes",1,,,"Prevalent"
"7086001000006113",1000,"^ESCTDI708600","","428274007","2967784013","Dietary education for type 2 diabetes mellitus",1,,,"Prevalent"
"84471000006119",300000,"C109-2","C109.12","44054006","197761014","Type 2 diabetes mellitus",1,1,1,"Incident"
"197761014",30000000,"C10F","C10F.00","44054006","197761014","Type 2 diabetes mellitus",1,1,1,"Incident"
"3209441000006114",400,"^ESCTDI320944","","44054006","197763012","Diabetes mellitus type 2",1,1,1,"Incident"
"73466011",100000,"C1001-2","C100112","44054006","493773010","Non-insulin dependent diabetes mellitus",1,1,1,"Incident"
"280571000006116",800000,"C109","C109.00","44054006","493773010","Non-insulin dependent diabetes mellitus",1,1,1,"Incident"
"493773010",40000,"C109-1","C109.11","44054006","493773010","NIDDM - Non-insulin dependent diabetes mellitus",1,1,1,"Incident"
"223291000000111",20000,"C1001-1","C100111","44054006","493774016","Maturity onset diabetes",1,1,1,"Incident"
"84841000006113",60000,"C109-3","C109.13","44054006","493774016","Type II diabetes mellitus",1,1,1,"Incident"
"493774016",700000,"C10F-1","C10F.11","44054006","493774016","Type II diabetes mellitus",1,1,1,"Incident"
"3209431000006116",10,"^ESCTDI320943","","44054006","73465010","Diabetes mellitus type II",1,1,1,"Incident"
"281171000006119",20000,"C1097","C109700","443694000","2842387018","Type II diabetes mellitus uncontrolled",1,1,1,"Prevalent"
"84851000006110",800,"C1097-1","C109711","443694000","2921019012","Type II diabetes mellitus - poor control",1,1,1,"Prevalent"
"84481000006116",1000,"C1097-2","C109712","443694000","2921019012","Type 2 diabetes mellitus - poor control",1,1,1,"Prevalent"
"292590011",20000,"C10F7","C10F700","443694000","2921019012","Type II diabetes mellitus poorly controlled",1,1,1,"Prevalent"
"292589019",300,"C10F7-1","C10F711","443694000","2921019012","Type II diabetes mellitus - poor control",1,1,1,"Prevalent"
"7281511000006118",20,"^ESCTTY728151","","443694000","3321322011","Type 2 diabetes mellitus uncontrolled",1,1,1,"Prevalent"
"7288191000006110",1,"^ESCTTY728819","","444110003","2967750014","Type 2 diabetes mellitus well controlled",1,,1,"Prevalent"
"7306781000006119",1,"^ESCTUN730678","","445353002","2870782011","Unstable type II diabetes mellitus",1,1,1,"Prevalent"
"7306751000006110",5,"^ESCTBR730675","","445353002","2967761018","Brittle type 2 diabetes mellitus",1,1,1,"Prevalent"
"7480661000006114",4000,"^ESCTHO748066","","472969004","2242161000000116","H/O diabetes mellitus type 2",1,,1,"Prevalent"
"881451000006113",30000,"C1001-99","C100199","532411000000102","881451000006113","Diabetes mellitus -adult onset",1,,,"Incident"
"7966561000006111",50,"^ESCTMI796656","","701000119103","3014148013","Mixed hyperlipidaemia due to type 2 diabetes mellitus",1,,1,"Prevalent"
"2287971000000119",40000,"C10P","C10P.00","703136005","3007272014","Diabetes mellitus in remission",1,1,,"Prevalent"
"2288061000000111",30000,"C10P1","C10P100","703138006","3007241010","Type II diabetes mellitus in remission",1,1,1,"Prevalent"
"2288071000000116",10000,"C10P1-1","C10P111","703138006","3007259013","Type 2 diabetes mellitus in remission",1,1,1,"Prevalent"
"7966611000006114",10,"^ESCTCH796661","","711000119100","3013043013","Chronic kidney disease stage 5 due to type 2 diabetes mellitus",1,,1,"Prevalent"
"12705081000006111",5,"^ESCT1270508","","713703005","3297356017","Gastroparesis due to type 2 diabetes mellitus",1,,1,"Prevalent"
"299621000000117",4000,"C10FR","C10FR00","713703005","3698412014","Gastroparesis with type 2 diabetes mellitus",1,,1,"Prevalent"
"1667921000000117",400,"C10FR-1","C10FR11","713703005","3698412014","Type II diabetes mellitus with gastroparesis",1,,1,"Prevalent"
"280541000006112",50,"C109B","C109B00","713706002","3297353013","Non-insulin dependent diabetes mellitus with polyneuropathy",1,,1,"Prevalent"
"84971000006111",20,"C109B-1","C109B11","713706002","3297353013","Type II diabetes mellitus with polyneuropathy",1,,1,"Prevalent"
"84601000006110",10,"C109B-2","C109B12","713706002","3297353013","Type 2 diabetes mellitus with polyneuropathy",1,,1,"Prevalent"
"914241000006118",1000,"C10FB","C10FB00","713706002","3297353013","Polyneuropathy due to type 2 diabetes mellitus",1,,1,"Prevalent"
"914251000006116",40,"C10FB-1","C10FB11","713706002","3297353013","Type II diabetes mellitus with polyneuropathy",1,,1,"Prevalent"
"280511000006113",60,"C109D","C109D00","719216001","3316336015","Non-insulin dependent diabetes mellitus with hypoglyca coma",1,,1,"Prevalent"
"84891000006116",5,"C109D-1","C109D11","719216001","3316336015","Type II diabetes mellitus with hypoglycaemic coma",1,,1,"Prevalent"
"84521000006116",30,"C109D-2","C109D12","719216001","3316336015","Type 2 diabetes mellitus with hypoglycaemic coma",1,,1,"Prevalent"
"459167016",200,"C10FD","C10FD00","719216001","3316336015","Type 2 diabetes mellitus with hypoglycaemic coma",1,,1,"Prevalent"
"459169018",70,"C10FD-1","C10FD11","719216001","3316336015","Hypoglycaemic coma co-occurrent and due to diabetes mellitus type II",1,,1,"Prevalent"
"14090011000006118",3,"^ESCT1409001","","719216001","3873347010","Hypoglycaemic coma due to type 2 diabetes mellitus",1,,1,"Prevalent"
"2460251000000115",20000,"66o2","66o2.00","719566006","3316952014","Diabetic on non-insulin injectable medication",1,,,"Prevalent"
"7966641000006113",20,"^ESCTCH796664","","721000119107","3013100015","Chronic kidney disease stage 4 due to type 2 diabetes mellitus",1,,1,"Prevalent"
"7966691000006116",30,"^ESCTCH796669","","731000119105","3013103018","Chronic kidney disease stage 3 due to type 2 diabetes mellitus",1,,1,"Prevalent"
"7966761000006115",10,"^ESCTCH796676","","741000119101","3013063018","Chronic kidney disease stage 2 due to type 2 diabetes mellitus",1,,1,"Prevalent"
"7966791000006111",9,"^ESCTCH796679","","751000119104","3013056018","Chronic kidney disease stage 1 due to type 2 diabetes mellitus",1,,1,"Prevalent"
"1658901000000118",2000000,"66At1","66At100","754121000000107","1658901000000118","Type II diabetic dietary review",1,,1,"Prevalent"
"1665721000000112",10000,"66At1-1","66At111","754121000000107","1665721000000112","Type 2 diabetic dietary review",1,,1,"Prevalent"
"12085841000006110",3,"^ESCT1208584","","769220000","3690546014","Macular oedema due to type 2 diabetes mellitus",1,,,"Prevalent"
"14094571000006111",1,"^ESCT1409457","","781000119106","3866399017","Neuropathic arthropathy due to type 2 diabetes mellitus",1,,1,"Prevalent"
"13917091000006117",5,"^ESCT1391709","","789569005","3789783017","Neuropathic ulcer of heel due to type 2 diabetes mellitus",1,,1,"Prevalent"
"7966931000006114",8,"^ESCTAN796693","","791000119109","2967773018","Angina associated with type 2 diabetes mellitus",1,,1,"Prevalent"
"8026031000006115",1,"^ESCTHE802603","","87451000119102","3013150010","Heel AND/OR midfoot ulcer due to type 2 diabetes mellitus",1,,1,"Prevalent"
"8026041000006113",2,"^ESCTFO802604","","87461000119100","3013415011","Forefoot ulcer due to type 2 diabetes mellitus",1,,1,"Prevalent"
"8027521000006110",2000,"^ESCTMI802752","","90781000119102","3013121015","Microalbuminuria due to type 2 diabetes mellitus",1,,1,"Prevalent"
"8030601000006119",1,"^ESCTMA803060","","97331000119101","3013603019","Macular oedema and retinopathy due to type 2 diabetes mellitus",1,,1,"Prevalent"
